id,posx,posy,posz,angx,angy,angz
0,4.29758,0.797041,0.275914,0,0,0
0,4.30643,0,0,0,0,0
0,3.9917,0.318816,1.61606,0,0,0
0,4.08704,1.75349,1.35699,0,0,0
0,4.16559,0.956449,1.09235,0,0,0
0,3.45123,1.27527,2.57572,0,0,0
0,3.60917,0.478225,2.34931,0,0,0
0,2.46378,0.797041,3.53201,0,0,0
0,2.68502,0,3.3669,0,0,0
0,1.2253,0.318816,4.12844,0,0,0
0,4.16559,3.18816,1.09235,0,0,0
0,4.22702,2.39112,0.823211,0,0,0
0,3.60917,2.70994,2.34931,0,0,0
0,3.75227,1.9129,2.11324,0,0,0
0,2.68502,2.23171,3.3669,0,0,0
0,2.89522,1.43467,3.18796,0,0,0
0,1.48729,1.75349,4.04145,0,0,0
0,1.74317,0.956449,3.93785,0,0,0
0,0.138028,1.27527,4.30422,0,0,0
0,0.413516,0.478225,4.28653,0,0,0
0,-1.2253,0.797041,4.12844,0,0,0
0,-0.958271,0,4.19846,0,0,0
0,-2.46378,0.318816,3.53201,0,0,0
0,4.22702,4.62284,0.823211,0,0,0
0,4.27107,3.8258,0.550694,0,0,0
0,3.75227,4.14461,2.11324,0,0,0
0,3.87996,3.34757,1.86849,0,0,0
0,2.89522,3.66639,3.18796,0,0,0
0,3.09352,2.86935,2.99591,0,0,0
0,1.74317,3.18816,3.93785,0,0,0
0,1.99189,2.39112,3.81808,0,0,0
0,0.413516,2.70994,4.28653,0,0,0
0,0.687306,1.9129,4.25123,0,0,0
0,-0.958271,2.23171,4.19846,0,0,0
0,-0.687306,1.43467,4.25123,0,0,0
0,-2.23242,1.75349,3.68261,0,0,0
0,-1.99189,0.956449,3.81808,0,0,0
0,-3.27911,1.27527,2.79155,0,0,0
0,-3.09352,0.478225,2.99591,0,0,0
0,-3.9917,0.797041,1.61606,0,0,0
0,-3.87996,0,1.86849,0,0,0
0,-4.29758,0.318816,0.275914,0,0,0
0,4.27107,6.05751,0.550694,0,0,0
0,4.29758,5.26047,0.275914,0,0,0
0,3.87996,5.57929,1.86849,0,0,0
0,3.9917,4.78225,1.61606,0,0,0
0,3.09352,5.10106,2.99591,0,0,0
0,3.27911,4.30402,2.79155,0,0,0
0,1.99189,4.62284,3.81808,0,0,0
0,2.23242,3.8258,3.68261,0,0,0
0,0.687306,4.14461,4.25123,0,0,0
0,0.958271,3.34757,4.19846,0,0,0
0,-0.687306,3.66639,4.25123,0,0,0
0,-0.413516,2.86935,4.28653,0,0,0
0,-1.99189,3.18816,3.81808,0,0,0
0,-1.74317,2.39112,3.93785,0,0,0
0,-3.09352,2.70994,2.99591,0,0,0
0,-2.89522,1.9129,3.18796,0,0,0
0,-3.87996,2.23171,1.86849,0,0,0
0,-3.75227,1.43467,2.11324,0,0,0
0,-4.27107,1.75349,0.550694,0,0,0
0,-4.22702,0.956449,0.823211,0,0,0
0,-4.22702,1.27527,-0.823211,0,0,0
0,-4.27107,0.478225,-0.550694,0,0,0
0,-3.75227,0.797041,-2.11324,0,0,0
0,-3.87996,0,-1.86849,0,0,0
0,-2.89522,0.318816,-3.18796,0,0,0
0,4.29758,7.49218,0.275914,0,0,0
0,3.9917,7.01396,1.61606,0,0,0
0,4.08704,6.21692,1.35699,0,0,0
0,3.27911,6.53573,2.79155,0,0,0
0,3.45123,5.73869,2.57572,0,0,0
0,2.23242,6.05751,3.68261,0,0,0
0,2.46378,5.26047,3.53201,0,0,0
0,0.958271,5.57929,4.19846,0,0,0
0,1.2253,4.78225,4.12844,0,0,0
0,-0.413516,5.10106,4.28653,0,0,0
0,-0.138028,4.30402,4.30422,0,0,0
0,-1.74317,4.62284,3.93785,0,0,0
0,-1.48729,3.8258,4.04145,0,0,0
0,-2.89522,4.14461,3.18796,0,0,0
0,-2.68502,3.34757,3.3669,0,0,0
0,-3.75227,3.66639,2.11324,0,0,0
0,-3.60917,2.86935,2.34931,0,0,0
0,-4.22702,3.18816,0.823211,0,0,0
0,-4.16559,2.39112,1.09235,0,0,0
0,-4.27107,2.70994,-0.550694,0,0,0
0,-4.29758,1.9129,-0.275914,0,0,0
0,-3.87996,2.23171,-1.86849,0,0,0
0,-3.9917,1.43467,-1.61606,0,0,0
0,-3.09352,1.75349,-2.99591,0,0,0
0,-3.27911,0.956449,-2.79155,0,0,0
0,-1.99189,1.27527,-3.81808,0,0,0
0,-2.23242,0.478225,-3.68261,0,0,0
0,-0.687306,0.797041,-4.25123,0,0,0
0,-0.958271,0,-4.19846,0,0,0
0,0.687306,0.318816,-4.25123,0,0,0
0,4.08704,8.44863,1.35699,0,0,0
0,4.16559,7.65159,1.09235,0,0,0
0,3.45123,7.97041,2.57572,0,0,0
0,3.60917,7.17337,2.34931,0,0,0
0,2.46378,7.49218,3.53201,0,0,0
0,2.68502,6.69514,3.3669,0,0,0
0,1.2253,7.01396,4.12844,0,0,0
0,1.48729,6.21692,4.04145,0,0,0
0,-0.138028,6.53573,4.30422,0,0,0
0,0.138028,5.73869,4.30422,0,0,0
0,-1.48729,6.05751,4.04145,0,0,0
0,-1.2253,5.26047,4.12844,0,0,0
0,-2.68502,5.57929,3.3669,0,0,0
0,-2.46378,4.78225,3.53201,0,0,0
0,-3.60917,5.10106,2.34931,0,0,0
0,-3.45123,4.30402,2.57572,0,0,0
0,-4.16559,4.62284,1.09235,0,0,0
0,-4.08704,3.8258,1.35699,0,0,0
0,-4.29758,4.14461,-0.275914,0,0,0
0,-4.30643,3.34757,5.47202e-12,0,0,0
0,-3.9917,3.66639,-1.61606,0,0,0
0,-4.08704,2.86935,-1.35699,0,0,0
0,-3.27911,3.18816,-2.79155,0,0,0
0,-3.45123,2.39112,-2.57572,0,0,0
0,-2.23242,2.70994,-3.68261,0,0,0
0,-2.46378,1.9129,-3.53201,0,0,0
0,-0.958271,2.23171,-4.19846,0,0,0
0,-1.2253,1.43467,-4.12844,0,0,0
0,0.413516,1.75349,-4.28653,0,0,0
0,0.138028,0.956449,-4.30422,0,0,0
0,1.74317,1.27527,-3.93785,0,0,0
0,1.48729,0.478225,-4.04145,0,0,0
0,2.89522,0.797041,-3.18796,0,0,0
0,2.68502,0,-3.3669,0,0,0
0,3.75227,0.318816,-2.11324,0,0,0
0,4.16559,9.88331,1.09235,0,0,0
0,4.22702,9.08627,0.823211,0,0,0
0,3.60917,9.40508,2.34931,0,0,0
0,3.75227,8.60804,2.11324,0,0,0
0,2.68502,8.92686,3.3669,0,0,0
0,2.89522,8.12982,3.18796,0,0,0
0,1.48729,8.44863,4.04145,0,0,0
0,1.74317,7.65159,3.93785,0,0,0
0,0.138028,7.97041,4.30422,0,0,0
0,0.413516,7.17337,4.28653,0,0,0
0,-1.2253,7.49218,4.12844,0,0,0
0,-0.958271,6.69514,4.19846,0,0,0
0,-2.46378,7.01396,3.53201,0,0,0
0,-2.23242,6.21692,3.68261,0,0,0
0,-3.45123,6.53573,2.57572,0,0,0
0,-3.27911,5.73869,2.79155,0,0,0
0,-4.08704,6.05751,1.35699,0,0,0
0,-3.9917,5.26047,1.61606,0,0,0
0,-4.30643,5.57929,9.73676e-12,0,0,0
0,-4.29758,4.78225,0.275914,0,0,0
0,-4.08704,5.10106,-1.35699,0,0,0
0,-4.16559,4.30402,-1.09235,0,0,0
0,-3.45123,4.62284,-2.57572,0,0,0
0,-3.60917,3.8258,-2.34931,0,0,0
0,-2.46378,4.14461,-3.53201,0,0,0
0,-2.68502,3.34757,-3.3669,0,0,0
0,-1.2253,3.66639,-4.12844,0,0,0
0,-1.48729,2.86935,-4.04145,0,0,0
0,0.138028,3.18816,-4.30422,0,0,0
0,-0.138028,2.39112,-4.30422,0,0,0
0,1.48729,2.70994,-4.04145,0,0,0
0,1.2253,1.9129,-4.12844,0,0,0
0,2.68502,2.23171,-3.3669,0,0,0
0,2.46378,1.43467,-3.53201,0,0,0
0,3.60917,1.75349,-2.34931,0,0,0
0,3.45123,0.956449,-2.57572,0,0,0
0,4.16559,1.27527,-1.09235,0,0,0
0,4.08704,0.478225,-1.35699,0,0,0
0,4.22702,11.318,0.823211,0,0,0
0,4.27107,10.5209,0.550694,0,0,0
0,3.75227,10.8398,2.11324,0,0,0
0,3.87996,10.0427,1.86849,0,0,0
0,2.89522,10.3615,3.18796,0,0,0
0,3.09352,9.56449,2.99591,0,0,0
0,1.74317,9.88331,3.93785,0,0,0
0,1.99189,9.08627,3.81808,0,0,0
0,0.413516,9.40508,4.28653,0,0,0
0,0.687306,8.60804,4.25123,0,0,0
0,-0.958271,8.92686,4.19846,0,0,0
0,-0.687306,8.12982,4.25123,0,0,0
0,-2.23242,8.44863,3.68261,0,0,0
0,-1.99189,7.65159,3.81808,0,0,0
0,-3.27911,7.97041,2.79155,0,0,0
0,-3.09352,7.17337,2.99591,0,0,0
0,-3.9917,7.49218,1.61606,0,0,0
0,-3.87996,6.69514,1.86849,0,0,0
0,-4.29758,7.01396,0.275914,0,0,0
0,-4.27107,6.21692,0.550694,0,0,0
0,-4.16559,6.53573,-1.09235,0,0,0
0,-4.22702,5.73869,-0.823211,0,0,0
0,-3.60917,6.05751,-2.34931,0,0,0
0,-3.75227,5.26047,-2.11324,0,0,0
0,-2.68502,5.57929,-3.3669,0,0,0
0,-2.89522,4.78225,-3.18796,0,0,0
0,-1.48729,5.10106,-4.04145,0,0,0
0,-1.74317,4.30402,-3.93785,0,0,0
0,-0.138028,4.62284,-4.30422,0,0,0
0,-0.413516,3.8258,-4.28653,0,0,0
0,1.2253,4.14461,-4.12844,0,0,0
0,0.958271,3.34757,-4.19846,0,0,0
0,2.46378,3.66639,-3.53201,0,0,0
0,2.23242,2.86935,-3.68261,0,0,0
0,3.45123,3.18816,-2.57572,0,0,0
0,3.27911,2.39112,-2.79155,0,0,0
0,4.08704,2.70994,-1.35699,0,0,0
0,3.9917,1.9129,-1.61606,0,0,0
0,4.30643,2.23171,-2.47193e-12,0,0,0
0,4.29758,1.43467,-0.275914,0,0,0
0,4.27107,12.7527,0.550694,0,0,0
0,4.29758,11.9556,0.275914,0,0,0
0,3.87996,12.2744,1.86849,0,0,0
0,3.9917,11.4774,1.61606,0,0,0
0,3.09352,11.7962,2.99591,0,0,0
0,3.27911,10.9992,2.79155,0,0,0
0,1.99189,11.318,3.81808,0,0,0
0,2.23242,10.5209,3.68261,0,0,0
0,0.687306,10.8398,4.25123,0,0,0
0,0.958271,10.0427,4.19846,0,0,0
0,-0.687306,10.3615,4.25123,0,0,0
0,-0.413516,9.56449,4.28653,0,0,0
0,-1.99189,9.88331,3.81808,0,0,0
0,-1.74317,9.08627,3.93785,0,0,0
0,-3.09352,9.40508,2.99591,0,0,0
0,-2.89522,8.60804,3.18796,0,0,0
0,-3.87996,8.92686,1.86849,0,0,0
0,-3.75227,8.12982,2.11324,0,0,0
0,-4.27107,8.44863,0.550694,0,0,0
0,-4.22702,7.65159,0.823211,0,0,0
0,-4.22702,7.97041,-0.823211,0,0,0
0,-4.27107,7.17337,-0.550694,0,0,0
0,-3.75227,7.49218,-2.11324,0,0,0
0,-3.87996,6.69514,-1.86849,0,0,0
0,-2.89522,7.01396,-3.18796,0,0,0
0,-3.09352,6.21692,-2.99591,0,0,0
0,-1.74317,6.53573,-3.93785,0,0,0
0,-1.99189,5.73869,-3.81808,0,0,0
0,-0.413516,6.05751,-4.28653,0,0,0
0,-0.687306,5.26047,-4.25123,0,0,0
0,0.958271,5.57929,-4.19846,0,0,0
0,0.687306,4.78225,-4.25123,0,0,0
0,2.23242,5.10106,-3.68261,0,0,0
0,1.99189,4.30402,-3.81808,0,0,0
0,3.27911,4.62284,-2.79155,0,0,0
0,3.09352,3.8258,-2.99591,0,0,0
0,3.9917,4.14461,-1.61606,0,0,0
0,3.87996,3.34757,-1.86849,0,0,0
0,4.29758,3.66639,-0.275914,0,0,0
0,4.27107,2.86935,-0.550694,0,0,0
0,4.29758,14.1873,0.275914,0,0,0
0,3.9917,13.7091,1.61606,0,0,0
0,4.08704,12.9121,1.35699,0,0,0
0,3.27911,13.2309,2.79155,0,0,0
0,3.45123,12.4338,2.57572,0,0,0
0,2.23242,12.7527,3.68261,0,0,0
0,2.46378,11.9556,3.53201,0,0,0
0,0.958271,12.2744,4.19846,0,0,0
0,1.2253,11.4774,4.12844,0,0,0
0,-0.413516,11.7962,4.28653,0,0,0
0,-0.138028,10.9992,4.30422,0,0,0
0,-1.74317,11.318,3.93785,0,0,0
0,-1.48729,10.5209,4.04145,0,0,0
0,-2.89522,10.8398,3.18796,0,0,0
0,-2.68502,10.0427,3.3669,0,0,0
0,-3.75227,10.3615,2.11324,0,0,0
0,-3.60917,9.56449,2.34931,0,0,0
0,-4.22702,9.88331,0.823211,0,0,0
0,-4.16559,9.08627,1.09235,0,0,0
0,-4.27107,9.40508,-0.550694,0,0,0
0,-4.29758,8.60804,-0.275914,0,0,0
0,-3.87996,8.92686,-1.86849,0,0,0
0,-3.9917,8.12982,-1.61606,0,0,0
0,-3.09352,8.44863,-2.99591,0,0,0
0,-3.27911,7.65159,-2.79155,0,0,0
0,-1.99189,7.97041,-3.81808,0,0,0
0,-2.23242,7.17337,-3.68261,0,0,0
0,-0.687306,7.49218,-4.25123,0,0,0
0,-0.958271,6.69514,-4.19846,0,0,0
0,0.687306,7.01396,-4.25123,0,0,0
0,0.413516,6.21692,-4.28653,0,0,0
0,1.99189,6.53573,-3.81808,0,0,0
0,1.74317,5.73869,-3.93785,0,0,0
0,3.09352,6.05751,-2.99591,0,0,0
0,2.89522,5.26047,-3.18796,0,0,0
0,3.87996,5.57929,-1.86849,0,0,0
0,3.75227,4.78225,-2.11324,0,0,0
0,4.27107,5.10106,-0.550694,0,0,0
0,4.22702,4.30402,-0.823211,0,0,0
0,4.08704,15.1438,1.35699,0,0,0
0,4.16559,14.3467,1.09235,0,0,0
0,3.45123,14.6656,2.57572,0,0,0
0,3.60917,13.8685,2.34931,0,0,0
0,2.46378,14.1873,3.53201,0,0,0
0,2.68502,13.3903,3.3669,0,0,0
0,1.2253,13.7091,4.12844,0,0,0
0,1.48729,12.9121,4.04145,0,0,0
0,-0.138028,13.2309,4.30422,0,0,0
0,0.138028,12.4338,4.30422,0,0,0
0,-1.48729,12.7527,4.04145,0,0,0
0,-1.2253,11.9556,4.12844,0,0,0
0,-2.68502,12.2744,3.3669,0,0,0
0,-2.46378,11.4774,3.53201,0,0,0
0,-3.60917,11.7962,2.34931,0,0,0
0,-3.45123,10.9992,2.57572,0,0,0
0,-4.16559,11.318,1.09235,0,0,0
0,-4.08704,10.5209,1.35699,0,0,0
0,-4.29758,10.8398,-0.275914,0,0,0
0,-4.30643,10.0427,1.82089e-11,0,0,0
0,-3.9917,10.3615,-1.61606,0,0,0
0,-4.08704,9.56449,-1.35699,0,0,0
0,-3.27911,9.88331,-2.79155,0,0,0
0,-3.45123,9.08627,-2.57572,0,0,0
0,-2.23242,9.40508,-3.68261,0,0,0
0,-2.46378,8.60804,-3.53201,0,0,0
0,-0.958271,8.92686,-4.19846,0,0,0
0,-1.2253,8.12982,-4.12844,0,0,0
0,0.413516,8.44863,-4.28653,0,0,0
0,0.138028,7.65159,-4.30422,0,0,0
0,1.74317,7.97041,-3.93785,0,0,0
0,1.48729,7.17337,-4.04145,0,0,0
0,2.89522,7.49218,-3.18796,0,0,0
0,2.68502,6.69514,-3.3669,0,0,0
0,3.75227,7.01396,-2.11324,0,0,0
0,3.60917,6.21692,-2.34931,0,0,0
0,4.22702,6.53573,-0.823211,0,0,0
0,4.16559,5.73869,-1.09235,0,0,0
0,4.16559,16.5784,1.09235,0,0,0
0,4.22702,15.7814,0.823211,0,0,0
0,3.60917,16.1002,2.34931,0,0,0
0,3.75227,15.3032,2.11324,0,0,0
0,2.68502,15.622,3.3669,0,0,0
0,2.89522,14.825,3.18796,0,0,0
0,1.48729,15.1438,4.04145,0,0,0
0,1.74317,14.3467,3.93785,0,0,0
0,0.138028,14.6656,4.30422,0,0,0
0,0.413516,13.8685,4.28653,0,0,0
0,-1.2253,14.1873,4.12844,0,0,0
0,-0.958271,13.3903,4.19846,0,0,0
0,-2.46378,13.7091,3.53201,0,0,0
0,-2.23242,12.9121,3.68261,0,0,0
0,-3.45123,13.2309,2.57572,0,0,0
0,-3.27911,12.4338,2.79155,0,0,0
0,-4.08704,12.7527,1.35699,0,0,0
0,-3.9917,11.9556,1.61606,0,0,0
0,-4.30643,12.2744,2.24698e-11,0,0,0
0,-4.29758,11.4774,0.275914,0,0,0
0,-4.08704,11.7962,-1.35699,0,0,0
0,-4.16559,10.9992,-1.09235,0,0,0
0,-3.45123,11.318,-2.57572,0,0,0
0,-3.60917,10.5209,-2.34931,0,0,0
0,-2.46378,10.8398,-3.53201,0,0,0
0,-2.68502,10.0427,-3.3669,0,0,0
0,-1.2253,10.3615,-4.12844,0,0,0
0,-1.48729,9.56449,-4.04145,0,0,0
0,0.138028,9.88331,-4.30422,0,0,0
0,-0.138028,9.08627,-4.30422,0,0,0
0,1.48729,9.40508,-4.04145,0,0,0
0,1.2253,8.60804,-4.12844,0,0,0
0,2.68502,8.92686,-3.3669,0,0,0
0,2.46378,8.12982,-3.53201,0,0,0
0,3.60917,8.44863,-2.34931,0,0,0
0,3.45123,7.65159,-2.57572,0,0,0
0,4.16559,7.97041,-1.09235,0,0,0
0,4.08704,7.17337,-1.35699,0,0,0
0,4.30643,6.69514,-1.0944e-11,0,0,0
0,4.22702,18.0131,0.823211,0,0,0
0,4.27107,17.2161,0.550694,0,0,0
0,3.75227,17.5349,2.11324,0,0,0
0,3.87996,16.7379,1.86849,0,0,0
0,2.89522,17.0567,3.18796,0,0,0
0,3.09352,16.2596,2.99591,0,0,0
0,1.74317,16.5784,3.93785,0,0,0
0,1.99189,15.7814,3.81808,0,0,0
0,0.413516,16.1002,4.28653,0,0,0
0,0.687306,15.3032,4.25123,0,0,0
0,-0.958271,15.622,4.19846,0,0,0
0,-0.687306,14.825,4.25123,0,0,0
0,-2.23242,15.1438,3.68261,0,0,0
0,-1.99189,14.3467,3.81808,0,0,0
0,-3.27911,14.6656,2.79155,0,0,0
0,-3.09352,13.8685,2.99591,0,0,0
0,-3.9917,14.1873,1.61606,0,0,0
0,-3.87996,13.3903,1.86849,0,0,0
0,-4.29758,13.7091,0.275914,0,0,0
0,-4.27107,12.9121,0.550694,0,0,0
0,-4.16559,13.2309,-1.09235,0,0,0
0,-4.22702,12.4338,-0.823211,0,0,0
0,-3.60917,12.7527,-2.34931,0,0,0
0,-3.75227,11.9556,-2.11324,0,0,0
0,-2.68502,12.2744,-3.3669,0,0,0
0,-2.89522,11.4774,-3.18796,0,0,0
0,-1.48729,11.7962,-4.04145,0,0,0
0,-1.74317,10.9992,-3.93785,0,0,0
0,-0.138028,11.318,-4.30422,0,0,0
0,-0.413516,10.5209,-4.28653,0,0,0
0,1.2253,10.8398,-4.12844,0,0,0
0,0.958271,10.0427,-4.19846,0,0,0
0,2.46378,10.3615,-3.53201,0,0,0
0,2.23242,9.56449,-3.68261,0,0,0
0,3.45123,9.88331,-2.57572,0,0,0
0,3.27911,9.08627,-2.79155,0,0,0
0,4.08704,9.40508,-1.35699,0,0,0
0,3.9917,8.60804,-1.61606,0,0,0
0,4.30643,8.92686,-1.52049e-11,0,0,0
0,4.29758,8.12982,-0.275914,0,0,0
0,4.27107,19.4478,0.550694,0,0,0
0,4.29758,18.6508,0.275914,0,0,0
0,3.87996,18.9696,1.86849,0,0,0
0,3.9917,18.1725,1.61606,0,0,0
0,3.09352,18.4913,2.99591,0,0,0
0,3.27911,17.6943,2.79155,0,0,0
0,1.99189,18.0131,3.81808,0,0,0
0,2.23242,17.2161,3.68261,0,0,0
0,0.687306,17.5349,4.25123,0,0,0
0,0.958271,16.7379,4.19846,0,0,0
0,-0.687306,17.0567,4.25123,0,0,0
0,-0.413516,16.2596,4.28653,0,0,0
0,-1.99189,16.5784,3.81808,0,0,0
0,-1.74317,15.7814,3.93785,0,0,0
0,-3.09352,16.1002,2.99591,0,0,0
0,-2.89522,15.3032,3.18796,0,0,0
0,-3.87996,15.622,1.86849,0,0,0
0,-3.75227,14.825,2.11324,0,0,0
0,-4.27107,15.1438,0.550694,0,0,0
0,-4.22702,14.3467,0.823211,0,0,0
0,-4.22702,14.6656,-0.823211,0,0,0
0,-4.27107,13.8685,-0.550694,0,0,0
0,-3.75227,14.1873,-2.11324,0,0,0
0,-3.87996,13.3903,-1.86849,0,0,0
0,-2.89522,13.7091,-3.18796,0,0,0
0,-3.09352,12.9121,-2.99591,0,0,0
0,-1.74317,13.2309,-3.93785,0,0,0
0,-1.99189,12.4338,-3.81808,0,0,0
0,-0.413516,12.7527,-4.28653,0,0,0
0,-0.687306,11.9556,-4.25123,0,0,0
0,0.958271,12.2744,-4.19846,0,0,0
0,0.687306,11.4774,-4.25123,0,0,0
0,2.23242,11.7962,-3.68261,0,0,0
0,1.99189,10.9992,-3.81808,0,0,0
0,3.27911,11.318,-2.79155,0,0,0
0,3.09352,10.5209,-2.99591,0,0,0
0,3.9917,10.8398,-1.61606,0,0,0
0,3.87996,10.0427,-1.86849,0,0,0
0,4.29758,10.3615,-0.275914,0,0,0
0,4.27107,9.56449,-0.550694,0,0,0
0,4.29758,20.8825,0.275914,0,0,0
0,3.9917,20.4042,1.61606,0,0,0
0,4.08704,19.6072,1.35699,0,0,0
0,3.27911,19.926,2.79155,0,0,0
0,3.45123,19.129,2.57572,0,0,0
0,2.23242,19.4478,3.68261,0,0,0
0,2.46378,18.6508,3.53201,0,0,0
0,0.958271,18.9696,4.19846,0,0,0
0,1.2253,18.1725,4.12844,0,0,0
0,-0.413516,18.4913,4.28653,0,0,0
0,-0.138028,17.6943,4.30422,0,0,0
0,-1.74317,18.0131,3.93785,0,0,0
0,-1.48729,17.2161,4.04145,0,0,0
0,-2.89522,17.5349,3.18796,0,0,0
0,-2.68502,16.7379,3.3669,0,0,0
0,-3.75227,17.0567,2.11324,0,0,0
0,-3.60917,16.2596,2.34931,0,0,0
0,-4.22702,16.5784,0.823211,0,0,0
0,-4.16559,15.7814,1.09235,0,0,0
0,-4.27107,16.1002,-0.550694,0,0,0
0,-4.29758,15.3032,-0.275914,0,0,0
0,-3.87996,15.622,-1.86849,0,0,0
0,-3.9917,14.825,-1.61606,0,0,0
0,-3.09352,15.1438,-2.99591,0,0,0
0,-3.27911,14.3467,-2.79155,0,0,0
0,-1.99189,14.6656,-3.81808,0,0,0
0,-2.23242,13.8685,-3.68261,0,0,0
0,-0.687306,14.1873,-4.25123,0,0,0
0,-0.958271,13.3903,-4.19846,0,0,0
0,0.687306,13.7091,-4.25123,0,0,0
0,0.413516,12.9121,-4.28653,0,0,0
0,1.99189,13.2309,-3.81808,0,0,0
0,1.74317,12.4338,-3.93785,0,0,0
0,3.09352,12.7527,-2.99591,0,0,0
0,2.89522,11.9556,-3.18796,0,0,0
0,3.87996,12.2744,-1.86849,0,0,0
0,3.75227,11.4774,-2.11324,0,0,0
0,4.27107,11.7962,-0.550694,0,0,0
0,4.22702,10.9992,-0.823211,0,0,0
0,4.08704,21.8389,1.35699,0,0,0
0,4.16559,21.0419,1.09235,0,0,0
0,3.45123,21.3607,2.57572,0,0,0
0,3.60917,20.5637,2.34931,0,0,0
0,2.46378,20.8825,3.53201,0,0,0
0,2.68502,20.0854,3.3669,0,0,0
0,1.2253,20.4042,4.12844,0,0,0
0,1.48729,19.6072,4.04145,0,0,0
0,-0.138028,19.926,4.30422,0,0,0
0,0.138028,19.129,4.30422,0,0,0
0,-1.48729,19.4478,4.04145,0,0,0
0,-1.2253,18.6508,4.12844,0,0,0
0,-2.68502,18.9696,3.3669,0,0,0
0,-2.46378,18.1725,3.53201,0,0,0
0,-3.60917,18.4913,2.34931,0,0,0
0,-3.45123,17.6943,2.57572,0,0,0
0,-4.16559,18.0131,1.09235,0,0,0
0,-4.08704,17.2161,1.35699,0,0,0
0,-4.29758,17.5349,-0.275914,0,0,0
0,-4.30643,16.7379,3.09438e-11,0,0,0
0,-3.9917,17.0567,-1.61606,0,0,0
0,-4.08704,16.2596,-1.35699,0,0,0
0,-3.27911,16.5784,-2.79155,0,0,0
0,-3.45123,15.7814,-2.57572,0,0,0
0,-2.23242,16.1002,-3.68261,0,0,0
0,-2.46378,15.3032,-3.53201,0,0,0
0,-0.958271,15.622,-4.19846,0,0,0
0,-1.2253,14.825,-4.12844,0,0,0
0,0.413516,15.1438,-4.28653,0,0,0
0,0.138028,14.3467,-4.30422,0,0,0
0,1.74317,14.6656,-3.93785,0,0,0
0,1.48729,13.8685,-4.04145,0,0,0
0,2.89522,14.1873,-3.18796,0,0,0
0,2.68502,13.3903,-3.3669,0,0,0
0,3.75227,13.7091,-2.11324,0,0,0
0,3.60917,12.9121,-2.34931,0,0,0
0,4.22702,13.2309,-0.823211,0,0,0
0,4.16559,12.4338,-1.09235,0,0,0
0,4.16559,23.2736,1.09235,0,0,0
0,4.22702,22.4766,0.823211,0,0,0
0,3.60917,22.7954,2.34931,0,0,0
0,3.75227,21.9983,2.11324,0,0,0
0,2.68502,22.3171,3.3669,0,0,0
0,2.89522,21.5201,3.18796,0,0,0
0,1.48729,21.8389,4.04145,0,0,0
0,1.74317,21.0419,3.93785,0,0,0
0,0.138028,21.3607,4.30422,0,0,0
0,0.413516,20.5637,4.28653,0,0,0
0,-1.2253,20.8825,4.12844,0,0,0
0,-0.958271,20.0854,4.19846,0,0,0
0,-2.46378,20.4042,3.53201,0,0,0
0,-2.23242,19.6072,3.68261,0,0,0
0,-3.45123,19.926,2.57572,0,0,0
0,-3.27911,19.129,2.79155,0,0,0
0,-4.08704,19.4478,1.35699,0,0,0
0,-3.9917,18.6508,1.61606,0,0,0
0,-4.30643,18.9696,3.52066e-11,0,0,0
0,-4.29758,18.1725,0.275914,0,0,0
0,-4.08704,18.4913,-1.35699,0,0,0
0,-4.16559,17.6943,-1.09235,0,0,0
0,-3.45123,18.0131,-2.57572,0,0,0
0,-3.60917,17.2161,-2.34931,0,0,0
0,-2.46378,17.5349,-3.53201,0,0,0
0,-2.68502,16.7379,-3.3669,0,0,0
0,-1.2253,17.0567,-4.12844,0,0,0
0,-1.48729,16.2596,-4.04145,0,0,0
0,0.138028,16.5784,-4.30422,0,0,0
0,-0.138028,15.7814,-4.30422,0,0,0
0,1.48729,16.1002,-4.04145,0,0,0
0,1.2253,15.3032,-4.12844,0,0,0
0,2.68502,15.622,-3.3669,0,0,0
0,2.46378,14.825,-3.53201,0,0,0
0,3.60917,15.1438,-2.34931,0,0,0
0,3.45123,14.3467,-2.57572,0,0,0
0,4.16559,14.6656,-1.09235,0,0,0
0,4.08704,13.8685,-1.35699,0,0,0
0,4.30643,13.3903,-2.36809e-11,0,0,0
0,4.22702,24.7083,0.823211,0,0,0
0,4.27107,23.9112,0.550694,0,0,0
0,3.75227,24.23,2.11324,0,0,0
0,3.87996,23.433,1.86849,0,0,0
0,2.89522,23.7518,3.18796,0,0,0
0,3.09352,22.9548,2.99591,0,0,0
0,1.74317,23.2736,3.93785,0,0,0
0,1.99189,22.4766,3.81808,0,0,0
0,0.413516,22.7954,4.28653,0,0,0
0,0.687306,21.9983,4.25123,0,0,0
0,-0.958271,22.3171,4.19846,0,0,0
0,-0.687306,21.5201,4.25123,0,0,0
0,-2.23242,21.8389,3.68261,0,0,0
0,-1.99189,21.0419,3.81808,0,0,0
0,-3.27911,21.3607,2.79155,0,0,0
0,-3.09352,20.5637,2.99591,0,0,0
0,-3.9917,20.8825,1.61606,0,0,0
0,-3.87996,20.0854,1.86849,0,0,0
0,-4.29758,20.4042,0.275914,0,0,0
0,-4.27107,19.6072,0.550694,0,0,0
0,-4.16559,19.926,-1.09235,0,0,0
0,-4.22702,19.129,-0.823211,0,0,0
0,-3.60917,19.4478,-2.34931,0,0,0
0,-3.75227,18.6508,-2.11324,0,0,0
0,-2.68502,18.9696,-3.3669,0,0,0
0,-2.89522,18.1725,-3.18796,0,0,0
0,-1.48729,18.4913,-4.04145,0,0,0
0,-1.74317,17.6943,-3.93785,0,0,0
0,-0.138028,18.0131,-4.30422,0,0,0
0,-0.413516,17.2161,-4.28653,0,0,0
0,1.2253,17.5349,-4.12844,0,0,0
0,0.958271,16.7379,-4.19846,0,0,0
0,2.46378,17.0567,-3.53201,0,0,0
0,2.23242,16.2596,-3.68261,0,0,0
0,3.45123,16.5784,-2.57572,0,0,0
0,3.27911,15.7814,-2.79155,0,0,0
0,4.08704,16.1002,-1.35699,0,0,0
0,3.9917,15.3032,-1.61606,0,0,0
0,4.30643,15.622,-2.79456e-11,0,0,0
0,4.29758,14.825,-0.275914,0,0,0
0,4.27107,26.1429,0.550694,0,0,0
0,4.29758,25.3459,0.275914,0,0,0
0,3.87996,25.6647,1.86849,0,0,0
0,3.9917,24.8677,1.61606,0,0,0
0,3.09352,25.1865,2.99591,0,0,0
0,3.27911,24.3894,2.79155,0,0,0
0,1.99189,24.7083,3.81808,0,0,0
0,2.23242,23.9112,3.68261,0,0,0
0,0.687306,24.23,4.25123,0,0,0
0,0.958271,23.433,4.19846,0,0,0
0,-0.687306,23.7518,4.25123,0,0,0
0,-0.413516,22.9548,4.28653,0,0,0
0,-1.99189,23.2736,3.81808,0,0,0
0,-1.74317,22.4766,3.93785,0,0,0
0,-3.09352,22.7954,2.99591,0,0,0
0,-2.89522,21.9983,3.18796,0,0,0
0,-3.87996,22.3171,1.86849,0,0,0
0,-3.75227,21.5201,2.11324,0,0,0
0,-4.27107,21.8389,0.550694,0,0,0
0,-4.22702,21.0419,0.823211,0,0,0
0,-4.22702,21.3607,-0.823211,0,0,0
0,-4.27107,20.5637,-0.550694,0,0,0
0,-3.75227,20.8825,-2.11324,0,0,0
0,-3.87996,20.0854,-1.86849,0,0,0
0,-2.89522,20.4042,-3.18796,0,0,0
0,-3.09352,19.6072,-2.99591,0,0,0
0,-1.74317,19.926,-3.93785,0,0,0
0,-1.99189,19.129,-3.81808,0,0,0
0,-0.413516,19.4478,-4.28653,0,0,0
0,-0.687306,18.6508,-4.25123,0,0,0
0,0.958271,18.9696,-4.19846,0,0,0
0,0.687306,18.1725,-4.25123,0,0,0
0,2.23242,18.4913,-3.68261,0,0,0
0,1.99189,17.6943,-3.81808,0,0,0
0,3.27911,18.0131,-2.79155,0,0,0
0,3.09352,17.2161,-2.99591,0,0,0
0,3.9917,17.5349,-1.61606,0,0,0
0,3.87996,16.7379,-1.86849,0,0,0
0,4.29758,17.0567,-0.275914,0,0,0
0,4.27107,16.2596,-0.550694,0,0,0
0,4.08704,26.3023,1.35699,0,0,0
0,3.27911,26.6212,2.79155,0,0,0
0,3.45123,25.8241,2.57572,0,0,0
0,2.23242,26.1429,3.68261,0,0,0
0,2.46378,25.3459,3.53201,0,0,0
0,0.958271,25.6647,4.19846,0,0,0
0,1.2253,24.8677,4.12844,0,0,0
0,-0.413516,25.1865,4.28653,0,0,0
0,-0.138028,24.3894,4.30422,0,0,0
0,-1.74317,24.7083,3.93785,0,0,0
0,-1.48729,23.9112,4.04145,0,0,0
0,-2.89522,24.23,3.18796,0,0,0
0,-2.68502,23.433,3.3669,0,0,0
0,-3.75227,23.7518,2.11324,0,0,0
0,-3.60917,22.9548,2.34931,0,0,0
0,-4.22702,23.2736,0.823211,0,0,0
0,-4.16559,22.4766,1.09235,0,0,0
0,-4.27107,22.7954,-0.550694,0,0,0
0,-4.29758,21.9983,-0.275914,0,0,0
0,-3.87996,22.3171,-1.86849,0,0,0
0,-3.9917,21.5201,-1.61606,0,0,0
0,-3.09352,21.8389,-2.99591,0,0,0
0,-3.27911,21.0419,-2.79155,0,0,0
0,-1.99189,21.3607,-3.81808,0,0,0
0,-2.23242,20.5637,-3.68261,0,0,0
0,-0.687306,20.8825,-4.25123,0,0,0
0,-0.958271,20.0854,-4.19846,0,0,0
0,0.687306,20.4042,-4.25123,0,0,0
0,0.413516,19.6072,-4.28653,0,0,0
0,1.99189,19.926,-3.81808,0,0,0
0,1.74317,19.129,-3.93785,0,0,0
0,3.09352,19.4478,-2.99591,0,0,0
0,2.89522,18.6508,-3.18796,0,0,0
0,3.87996,18.9696,-1.86849,0,0,0
0,3.75227,18.1725,-2.11324,0,0,0
0,4.27107,18.4913,-0.550694,0,0,0
0,4.22702,17.6943,-0.823211,0,0,0
0,2.68502,26.7806,3.3669,0,0,0
0,1.48729,26.3023,4.04145,0,0,0
0,-0.138028,26.6212,4.30422,0,0,0
0,0.138028,25.8241,4.30422,0,0,0
0,-1.48729,26.1429,4.04145,0,0,0
0,-1.2253,25.3459,4.12844,0,0,0
0,-2.68502,25.6647,3.3669,0,0,0
0,-2.46378,24.8677,3.53201,0,0,0
0,-3.60917,25.1865,2.34931,0,0,0
0,-3.45123,24.3894,2.57572,0,0,0
0,-4.16559,24.7083,1.09235,0,0,0
0,-4.08704,23.9112,1.35699,0,0,0
0,-4.29758,24.23,-0.275914,0,0,0
0,-4.30643,23.433,4.36787e-11,0,0,0
0,-3.9917,23.7518,-1.61606,0,0,0
0,-4.08704,22.9548,-1.35699,0,0,0
0,-3.27911,23.2736,-2.79155,0,0,0
0,-3.45123,22.4766,-2.57572,0,0,0
0,-2.23242,22.7954,-3.68261,0,0,0
0,-2.46378,21.9983,-3.53201,0,0,0
0,-0.958271,22.3171,-4.19846,0,0,0
0,-1.2253,21.5201,-4.12844,0,0,0
0,0.413516,21.8389,-4.28653,0,0,0
0,0.138028,21.0419,-4.30422,0,0,0
0,1.74317,21.3607,-3.93785,0,0,0
0,1.48729,20.5637,-4.04145,0,0,0
0,2.89522,20.8825,-3.18796,0,0,0
0,2.68502,20.0854,-3.3669,0,0,0
0,3.75227,20.4042,-2.11324,0,0,0
0,3.60917,19.6072,-2.34931,0,0,0
0,4.22702,19.926,-0.823211,0,0,0
0,4.16559,19.129,-1.09235,0,0,0
0,-0.958271,26.7806,4.19846,0,0,0
0,-2.23242,26.3023,3.68261,0,0,0
0,-3.45123,26.6212,2.57572,0,0,0
0,-3.27911,25.8241,2.79155,0,0,0
0,-4.08704,26.1429,1.35699,0,0,0
0,-3.9917,25.3459,1.61606,0,0,0
0,-4.30643,25.6647,4.79396e-11,0,0,0
0,-4.29758,24.8677,0.275914,0,0,0
0,-4.08704,25.1865,-1.35699,0,0,0
0,-4.16559,24.3894,-1.09235,0,0,0
0,-3.45123,24.7083,-2.57572,0,0,0
0,-3.60917,23.9112,-2.34931,0,0,0
0,-2.46378,24.23,-3.53201,0,0,0
0,-2.68502,23.433,-3.3669,0,0,0
0,-1.2253,23.7518,-4.12844,0,0,0
0,-1.48729,22.9548,-4.04145,0,0,0
0,0.138028,23.2736,-4.30422,0,0,0
0,-0.138028,22.4766,-4.30422,0,0,0
0,1.48729,22.7954,-4.04145,0,0,0
0,1.2253,21.9983,-4.12844,0,0,0
0,2.68502,22.3171,-3.3669,0,0,0
0,2.46378,21.5201,-3.53201,0,0,0
0,3.60917,21.8389,-2.34931,0,0,0
0,3.45123,21.0419,-2.57572,0,0,0
0,4.16559,21.3607,-1.09235,0,0,0
0,4.08704,20.5637,-1.35699,0,0,0
0,4.30643,20.0854,-3.64177e-11,0,0,0
0,-3.87996,26.7806,1.86849,0,0,0
0,-4.27107,26.3023,0.550694,0,0,0
0,-4.16559,26.6212,-1.09235,0,0,0
0,-4.22702,25.8241,-0.823211,0,0,0
0,-3.60917,26.1429,-2.34931,0,0,0
0,-3.75227,25.3459,-2.11324,0,0,0
0,-2.68502,25.6647,-3.3669,0,0,0
0,-2.89522,24.8677,-3.18796,0,0,0
0,-1.48729,25.1865,-4.04145,0,0,0
0,-1.74317,24.3894,-3.93785,0,0,0
0,-0.138028,24.7083,-4.30422,0,0,0
0,-0.413516,23.9112,-4.28653,0,0,0
0,1.2253,24.23,-4.12844,0,0,0
0,0.958271,23.433,-4.19846,0,0,0
0,2.46378,23.7518,-3.53201,0,0,0
0,2.23242,22.9548,-3.68261,0,0,0
0,3.45123,23.2736,-2.57572,0,0,0
0,3.27911,22.4766,-2.79155,0,0,0
0,4.08704,22.7954,-1.35699,0,0,0
0,3.9917,21.9983,-1.61606,0,0,0
0,4.30643,22.3171,-4.06786e-11,0,0,0
0,4.29758,21.5201,-0.275914,0,0,0
0,-3.87996,26.7806,-1.86849,0,0,0
0,-3.09352,26.3023,-2.99591,0,0,0
0,-1.74317,26.6212,-3.93785,0,0,0
0,-1.99189,25.8241,-3.81808,0,0,0
0,-0.413516,26.1429,-4.28653,0,0,0
0,-0.687306,25.3459,-4.25123,0,0,0
0,0.958271,25.6647,-4.19846,0,0,0
0,0.687306,24.8677,-4.25123,0,0,0
0,2.23242,25.1865,-3.68261,0,0,0
0,1.99189,24.3894,-3.81808,0,0,0
0,3.27911,24.7083,-2.79155,0,0,0
0,3.09352,23.9112,-2.99591,0,0,0
0,3.9917,24.23,-1.61606,0,0,0
0,3.87996,23.433,-1.86849,0,0,0
0,4.29758,23.7518,-0.275914,0,0,0
0,4.27107,22.9548,-0.550694,0,0,0
0,-0.958271,26.7806,-4.19846,0,0,0
0,0.413516,26.3023,-4.28653,0,0,0
0,1.99189,26.6212,-3.81808,0,0,0
0,1.74317,25.8241,-3.93785,0,0,0
0,3.09352,26.1429,-2.99591,0,0,0
0,2.89522,25.3459,-3.18796,0,0,0
0,3.87996,25.6647,-1.86849,0,0,0
0,3.75227,24.8677,-2.11324,0,0,0
0,4.27107,25.1865,-0.550694,0,0,0
0,4.22702,24.3894,-0.823211,0,0,0
0,2.68502,26.7806,-3.3669,0,0,0
0,3.60917,26.3023,-2.34931,0,0,0
0,4.22702,26.6212,-0.823211,0,0,0
0,4.16559,25.8241,-1.09235,0,0,0
0,4.30643,26.7806,-4.91546e-11,0,0,0
1,4.30201,0.39852,0.137957,1.23754,-0.0320571,0
1,4.23158,0.876745,0.68413,0.192824,-0.160285,0
1,4.29758,1.11586,-1.23471e-12,-0.857411,2.88104e-13,0
1,4.07865,0.637633,1.3542,-0.883176,-0.320571,0
1,3.80044,0.39852,1.98268,0.214069,-0.480856,0
1,4.12632,1.35497,1.22467,1.25021,-0.288514,0
1,4.15703,2.07231,1.0901,-0.873823,-0.256457,0
1,3.91966,1.83319,1.73512,0.207747,-0.416742,0
1,3.5302,0.876745,2.46251,1.29402,-0.609084,0
1,3.60175,1.59408,2.34448,-0.943286,-0.577027,0
1,3.17322,1.35497,2.88184,0.254716,-0.737313,0
1,2.5744,0.39852,3.44946,1.36653,-0.929655,0
1,2.6795,1.11586,3.35999,-1.07598,-0.897598,0
1,2.10348,0.876745,3.73493,0.374272,-1.05788,0
1,1.48423,0.637633,4.03315,-1.28036,-1.21817,0
1,0.819407,0.39852,4.20748,0.789536,-1.37845,0
1,4.1963,2.78964,0.957779,1.24515,-0.224399,0
1,4.21833,3.50698,0.82152,-0.866608,-0.192342,0
1,4.02277,3.26787,1.48042,0.202568,-0.352628,0
1,4.26672,2.31142,0.411606,0.191275,-0.0961712,0
1,3.68072,2.31142,2.23127,1.28285,-0.54497,0
1,3.74456,3.02876,2.1089,-0.924697,-0.512913,0
1,3.35134,2.78964,2.67261,0.241713,-0.673198,0
1,2.79012,1.83319,3.27743,1.34994,-0.865541,0
1,2.88927,2.55053,3.18141,-1.04384,-0.833484,0
1,2.33845,2.31142,3.59249,0.339627,-0.993769,0
1,1.61523,1.35497,3.98965,1.44155,-1.18611,0
1,1.73959,2.07231,3.92976,-1.23384,-1.15405,0
1,1.0873,1.83319,4.14634,0.649794,-1.31434,0
1,0.275772,0.876745,4.29537,1.54861,-1.50668,0
1,0.412667,1.59408,4.27772,-1.48789,-1.47463,0
1,-0.274639,1.35497,4.27772,-1.24988,1.50668,0
1,-1.09178,0.39852,4.16345,-1.48317,1.31434,0
1,-0.956302,1.11586,4.18983,1.38055,1.3464,0
1,-1.60859,0.876745,3.97326,-0.474489,1.18611,0
1,-2.22783,0.637633,3.67505,1.14908,1.02583,0
1,-2.77865,0.39852,3.26396,-0.289019,0.865541,0
1,4.24905,4.22432,0.686953,1.24135,-0.160285,0
1,4.2623,4.94165,0.549563,-0.861488,-0.128228,0
1,4.10936,4.70254,1.21964,0.198412,-0.288514,0
1,4.28433,3.74609,0.13739,0.190507,-0.0320571,0
1,3.81612,3.74609,1.99087,1.27286,-0.480856,0
1,3.87199,4.46343,1.86465,-0.908539,-0.448799,0
1,3.51569,4.22432,2.4524,0.23082,-0.609084,0
1,2.99437,3.26787,3.09193,1.33435,-0.801427,0
1,3.08717,3.9852,2.98975,-1.01459,-0.76937,0
1,2.56382,3.74609,3.43528,0.311752,-0.929655,0
1,1.86753,2.78964,3.87797,1.42164,-1.122,0
1,1.9878,3.50698,3.81023,-1.19004,-1.08994,0
1,1.35072,3.26787,4.06816,0.548967,-1.25023,0
1,0.550411,2.31142,4.26888,1.52653,-1.44257,0
1,0.685894,3.02876,4.24249,-1.43354,-1.41051,0
1,4.84493e-12,2.78964,4.28653,1.5708,-1.5708,0
1,-0.822788,1.83319,4.22484,-1.50468,1.37845,0
1,-0.685894,2.55053,4.24249,1.43354,1.41051,0
1,-1.35072,2.31142,4.06816,-0.548967,1.25023,0
1,-2.11216,1.35497,3.75035,-1.40244,1.05788,0
1,-1.9878,2.07231,3.81023,1.19004,1.08994,0
1,-2.56382,1.83319,3.43528,-0.311752,0.929655,0
1,-3.18632,0.876745,2.89373,-1.31981,0.737313,0
1,-3.08717,1.59408,2.98975,1.01459,0.76937,0
1,-3.51569,1.35497,2.4524,-0.23082,0.609084,0
1,-3.93583,0.39852,1.74228,-1.26408,0.416742,0
1,-3.87199,1.11586,1.86465,0.908539,0.448799,0
1,-4.10936,0.876745,1.21964,-0.198412,0.288514,0
1,-4.2623,0.637633,0.549563,0.861488,0.128228,0
1,-4.28433,0.39852,-0.13739,-0.190507,-0.0320571,0
1,4.28433,5.65899,0.413304,1.23881,-0.0961712,0
1,4.17906,6.13721,0.953843,0.195187,-0.224399,0
1,4.28875,6.37633,0.275347,-0.858429,-0.0641141,0
1,4.28433,5.18077,-0.13739,0.190507,0.0320571,0
1,3.93583,5.18077,1.74228,1.26408,-0.416742,0
1,3.9835,5.8981,1.61274,-0.894725,-0.384685,0
1,3.6656,5.65899,2.22211,0.221693,-0.54497,0
1,3.18632,4.70254,2.89373,1.31981,-0.737313,0
1,3.27238,5.41988,2.78581,-0.988134,-0.705255,0
1,2.77865,5.18077,3.26396,0.289019,-0.865541,0
1,2.11216,4.22432,3.75035,1.40244,-1.05788,0
1,2.22783,4.94165,3.67505,-1.14908,-1.02583,0
1,1.60859,4.70254,3.97326,0.474489,-1.18611,0
1,0.822788,3.74609,4.22484,1.50468,-1.37845,0
1,0.956302,4.46343,4.18983,-1.38055,-1.3464,0
1,0.274639,4.22432,4.27772,1.24988,-1.50668,0
1,-0.550411,3.26787,4.26888,-1.52653,1.44257,0
1,-0.412667,3.9852,4.27772,1.48789,1.47463,0
1,-1.0873,3.74609,4.14634,-0.649794,1.31434,0
1,-1.86753,2.78964,3.87797,-1.42164,1.122,0
1,-1.73959,3.50698,3.92976,1.23384,1.15405,0
1,-2.33845,3.26787,3.59249,-0.339627,0.993769,0
1,-2.99437,2.31142,3.09193,-1.33435,0.801427,0
1,-2.88927,3.02876,3.18141,1.04384,0.833484,0
1,-3.35134,2.78964,2.67261,-0.241713,0.673198,0
1,-3.81612,1.83319,1.99087,-1.27286,0.480856,0
1,-3.74456,2.55053,2.1089,0.924697,0.512913,0
1,-4.02277,2.31142,1.48042,-0.202568,0.352628,0
1,-4.24905,1.35497,0.686953,-1.24135,0.160285,0
1,-4.21833,2.07231,0.82152,0.866608,0.192342,0
1,-4.28433,1.83319,0.13739,-0.190507,0.0320571,0
1,-4.24905,0.876745,-0.686953,-1.24135,-0.160285,0
1,-4.2623,1.59408,-0.549563,0.861488,-0.128228,0
1,-4.10936,1.35497,-1.21964,-0.198412,-0.288514,0
1,-3.81612,0.39852,-1.99087,-1.27286,-0.480856,0
1,-3.87199,1.11586,-1.86465,0.908539,-0.448799,0
1,-3.51569,0.876745,-2.4524,-0.23082,-0.609084,0
1,-3.08717,0.637633,-2.98975,1.01459,-0.76937,0
1,-2.56382,0.39852,-3.43528,-0.311752,-0.929655,0
1,4.23158,7.57189,0.68413,0.192824,-0.160285,0
1,4.30201,7.09366,0.137957,1.23754,-0.0320571,0
1,4.29758,7.811,-1.3943e-11,-0.857411,3.24479e-12,0
1,4.03937,6.61544,1.48653,1.25653,-0.352628,0
1,4.07865,7.33278,1.3542,-0.883176,-0.320571,0
1,3.80044,7.09366,1.98268,0.214069,-0.480856,0
1,3.36517,6.13721,2.68364,1.30635,-0.673198,0
1,3.44414,6.85455,2.57043,-0.964399,-0.641141,0
1,2.98206,6.61544,3.07923,0.270282,-0.801427,0
1,2.3481,5.65899,3.60731,1.38405,-0.993769,0
1,2.45872,6.37633,3.52476,-1.11105,-0.961712,0
1,1.85986,6.13721,3.86203,0.418051,-1.122,0
1,1.09178,5.18077,4.16345,1.48317,-1.31434,0
1,1.22278,5.8981,4.11995,-1.32936,-1.28228,0
1,0.548149,5.65899,4.25134,0.985027,-1.44257,0
1,-0.275772,4.70254,4.29537,-1.54861,1.50668,0
1,-0.137744,5.41988,4.29537,1.54306,1.53874,0
1,-0.819407,5.18077,4.20748,-0.789536,1.37845,0
1,-1.61523,4.22432,3.98965,-1.44155,1.18611,0
1,-1.48423,4.94165,4.03315,1.28036,1.21817,0
1,-2.10348,4.70254,3.73493,-0.374272,1.05788,0
1,-2.79012,3.74609,3.27743,-1.34994,0.865541,0
1,-2.6795,4.46343,3.35999,1.07598,0.897598,0
1,-3.17322,4.22432,2.88184,-0.254716,0.737313,0
1,-3.68072,3.26787,2.23127,-1.28285,0.54497,0
1,-3.60175,3.9852,2.34448,0.943286,0.577027,0
1,-3.91966,3.74609,1.73512,-0.207747,0.416742,0
1,-4.1963,2.78964,0.957779,-1.24515,0.224399,0
1,-4.15703,3.50698,1.0901,0.873823,0.256457,0
1,-4.26672,3.26787,0.411606,-0.191275,0.0961712,0
1,-4.28433,2.31142,-0.413304,-1.23881,-0.0961712,0
1,-4.28875,3.02876,-0.275347,0.858429,-0.0641141,0
1,-4.17906,2.78964,-0.953843,-0.195187,-0.224399,0
1,-3.93583,1.83319,-1.74228,-1.26408,-0.416742,0
1,-3.9835,2.55053,-1.61274,0.894725,-0.384685,0
1,-3.6656,2.31142,-2.22211,-0.221693,-0.54497,0
1,-3.18632,1.35497,-2.89373,-1.31981,-0.737313,0
1,-3.27238,2.07231,-2.78581,0.988134,-0.705255,0
1,-2.77865,1.83319,-3.26396,-0.289019,-0.865541,0
1,-2.11216,0.876745,-3.75035,-1.40244,-1.05788,0
1,-2.22783,1.59408,-3.67505,1.14908,-1.02583,0
1,-1.60859,1.35497,-3.97326,-0.474489,-1.18611,0
1,-0.822788,0.39852,-4.22484,-1.50468,-1.37845,0
1,-0.956302,1.11586,-4.18983,1.38055,-1.3464,0
1,-0.274639,0.876745,-4.27772,-1.24988,-1.50668,0
1,0.412667,0.637633,-4.27772,-1.48789,1.47463,0
1,1.0873,0.39852,-4.14634,0.649794,1.31434,0
1,4.12632,8.05011,1.22467,1.25021,-0.288514,0
1,4.15703,8.76745,1.0901,-0.873823,-0.256457,0
1,3.91966,8.52834,1.73512,0.207747,-0.416742,0
1,3.5302,7.57189,2.46251,1.29402,-0.609084,0
1,3.60175,8.28922,2.34448,-0.943286,-0.577027,0
1,3.17322,8.05011,2.88184,0.254716,-0.737313,0
1,2.5744,7.09366,3.44946,1.36653,-0.929655,0
1,2.6795,7.811,3.35999,-1.07598,-0.897598,0
1,2.10348,7.57189,3.73493,0.374272,-1.05788,0
1,1.35629,6.61544,4.08494,1.46209,-1.25023,0
1,1.48423,7.33278,4.03315,-1.28036,-1.21817,0
1,0.819407,7.09366,4.20748,0.789536,-1.37845,0
1,1.12301e-11,6.13721,4.30422,1.5708,-1.5708,0
1,0.137744,6.85455,4.29537,-1.54306,-1.53874,0
1,-0.548149,6.61544,4.25134,-0.985027,1.44257,0
1,-1.35629,5.65899,4.08494,-1.46209,1.25023,0
1,-1.22278,6.37633,4.11995,1.32936,1.28228,0
1,-1.85986,6.13721,3.86203,-0.418051,1.122,0
1,-2.5744,5.18077,3.44946,-1.36653,0.929655,0
1,-2.45872,5.8981,3.52476,1.11105,0.961712,0
1,-2.98206,5.65899,3.07923,-0.270282,0.801427,0
1,-3.5302,4.70254,2.46251,-1.29402,0.609084,0
1,-3.44414,5.41988,2.57043,0.964399,0.641141,0
1,-3.80044,5.18077,1.98268,-0.214069,0.480856,0
1,-4.12632,4.22432,1.22467,-1.25021,0.288514,0
1,-4.07865,4.94165,1.3542,0.883176,0.320571,0
1,-4.23158,4.70254,0.68413,-0.192824,0.160285,0
1,-4.30201,3.74609,-0.137957,-1.23754,-0.0320571,0
1,-4.29758,4.46343,7.58973e-12,0.857411,1.76725e-12,0
1,-4.23158,4.22432,-0.68413,-0.192824,-0.160285,0
1,-4.03937,3.26787,-1.48653,-1.25653,-0.352628,0
1,-4.07865,3.9852,-1.3542,0.883176,-0.320571,0
1,-3.80044,3.74609,-1.98268,-0.214069,-0.480856,0
1,-3.36517,2.78964,-2.68364,-1.30635,-0.673198,0
1,-3.44414,3.50698,-2.57043,0.964399,-0.641141,0
1,-2.98206,3.26787,-3.07923,-0.270282,-0.801427,0
1,-2.3481,2.31142,-3.60731,-1.38405,-0.993769,0
1,-2.45872,3.02876,-3.52476,1.11105,-0.961712,0
1,-1.85986,2.78964,-3.86203,-0.418051,-1.122,0
1,-1.09178,1.83319,-4.16345,-1.48317,-1.31434,0
1,-1.22278,2.55053,-4.11995,1.32936,-1.28228,0
1,-0.548149,2.31142,-4.25134,-0.985027,-1.44257,0
1,0.275772,1.35497,-4.29537,1.54861,1.50668,0
1,0.137744,2.07231,-4.29537,-1.54306,1.53874,0
1,0.819407,1.83319,-4.20748,0.789536,1.37845,0
1,1.61523,0.876745,-3.98965,1.44155,1.18611,0
1,1.48423,1.59408,-4.03315,-1.28036,1.21817,0
1,2.10348,1.35497,-3.73493,0.374272,1.05788,0
1,2.79012,0.39852,-3.27743,1.34994,0.865541,0
1,2.6795,1.11586,-3.35999,-1.07598,0.897598,0
1,3.17322,0.876745,-2.88184,0.254716,0.737313,0
1,3.60175,0.637633,-2.34448,-0.943286,0.577027,0
1,3.91966,0.39852,-1.73512,0.207747,0.416742,0
1,4.1963,9.48479,0.957779,1.24515,-0.224399,0
1,4.21833,10.2021,0.82152,-0.866608,-0.192342,0
1,4.02277,9.96301,1.48042,0.202568,-0.352628,0
1,4.26672,9.00656,0.411606,0.191275,-0.0961712,0
1,3.68072,9.00656,2.23127,1.28285,-0.54497,0
1,3.74456,9.7239,2.1089,-0.924697,-0.512913,0
1,3.35134,9.48479,2.67261,0.241713,-0.673198,0
1,2.79012,8.52834,3.27743,1.34994,-0.865541,0
1,2.88927,9.24567,3.18141,-1.04384,-0.833484,0
1,2.33845,9.00656,3.59249,0.339627,-0.993769,0
1,1.61523,8.05011,3.98965,1.44155,-1.18611,0
1,1.73959,8.76745,3.92976,-1.23384,-1.15405,0
1,1.0873,8.52834,4.14634,0.649794,-1.31434,0
1,0.275772,7.57189,4.29537,1.54861,-1.50668,0
1,0.412667,8.28922,4.27772,-1.48789,-1.47463,0
1,-0.274639,8.05011,4.27772,-1.24988,1.50668,0
1,-1.09178,7.09366,4.16345,-1.48317,1.31434,0
1,-0.956302,7.811,4.18983,1.38055,1.3464,0
1,-1.60859,7.57189,3.97326,-0.474489,1.18611,0
1,-2.3481,6.61544,3.60731,-1.38405,0.993769,0
1,-2.22783,7.33278,3.67505,1.14908,1.02583,0
1,-2.77865,7.09366,3.26396,-0.289019,0.865541,0
1,-3.36517,6.13721,2.68364,-1.30635,0.673198,0
1,-3.27238,6.85455,2.78581,0.988134,0.705255,0
1,-3.6656,6.61544,2.22211,-0.221693,0.54497,0
1,-4.03937,5.65899,1.48653,-1.25653,0.352628,0
1,-3.9835,6.37633,1.61274,0.894725,0.384685,0
1,-4.17906,6.13721,0.953843,-0.195187,0.224399,0
1,-4.30201,5.18077,0.137957,-1.23754,0.0320571,0
1,-4.28875,5.8981,0.275347,0.858429,0.0641141,0
1,-4.26672,5.65899,-0.411606,-0.191275,-0.0961712,0
1,-4.12632,4.70254,-1.22467,-1.25021,-0.288514,0
1,-4.15703,5.41988,-1.0901,0.873823,-0.256457,0
1,-3.91966,5.18077,-1.73512,-0.207747,-0.416742,0
1,-3.5302,4.22432,-2.46251,-1.29402,-0.609084,0
1,-3.60175,4.94165,-2.34448,0.943286,-0.577027,0
1,-3.17322,4.70254,-2.88184,-0.254716,-0.737313,0
1,-2.5744,3.74609,-3.44946,-1.36653,-0.929655,0
1,-2.6795,4.46343,-3.35999,1.07598,-0.897598,0
1,-2.10348,4.22432,-3.73493,-0.374272,-1.05788,0
1,-1.35629,3.26787,-4.08494,-1.46209,-1.25023,0
1,-1.48423,3.9852,-4.03315,1.28036,-1.21817,0
1,-0.819407,3.74609,-4.20748,-0.789536,-1.37845,0
1,-3.97279e-12,2.78964,-4.30422,-1.5708,-1.5708,0
1,-0.137744,3.50698,-4.29537,1.54306,-1.53874,0
1,0.548149,3.26787,-4.25134,0.985027,1.44257,0
1,1.35629,2.31142,-4.08494,1.46209,1.25023,0
1,1.22278,3.02876,-4.11995,-1.32936,1.28228,0
1,1.85986,2.78964,-3.86203,0.418051,1.122,0
1,2.5744,1.83319,-3.44946,1.36653,0.929655,0
1,2.45872,2.55053,-3.52476,-1.11105,0.961712,0
1,2.98206,2.31142,-3.07923,0.270282,0.801427,0
1,3.5302,1.35497,-2.46251,1.29402,0.609084,0
1,3.44414,2.07231,-2.57043,-0.964399,0.641141,0
1,3.80044,1.83319,-1.98268,0.214069,0.480856,0
1,4.12632,0.876745,-1.22467,1.25021,0.288514,0
1,4.07865,1.59408,-1.3542,-0.883176,0.320571,0
1,4.23158,1.35497,-0.68413,0.192824,0.160285,0
1,4.24905,10.9195,0.686953,1.24135,-0.160285,0
1,4.2623,11.6368,0.549563,-0.861488,-0.128228,0
1,4.10936,11.3977,1.21964,0.198412,-0.288514,0
1,4.28433,10.4412,0.13739,0.190507,-0.0320571,0
1,3.81612,10.4412,1.99087,1.27286,-0.480856,0
1,3.87199,11.1586,1.86465,-0.908539,-0.448799,0
1,3.51569,10.9195,2.4524,0.23082,-0.609084,0
1,2.99437,9.96301,3.09193,1.33435,-0.801427,0
1,3.08717,10.6803,2.98975,-1.01459,-0.76937,0
1,2.56382,10.4412,3.43528,0.311752,-0.929655,0
1,1.86753,9.48479,3.87797,1.42164,-1.122,0
1,1.9878,10.2021,3.81023,-1.19004,-1.08994,0
1,1.35072,9.96301,4.06816,0.548967,-1.25023,0
1,0.550411,9.00656,4.26888,1.52653,-1.44257,0
1,0.685894,9.7239,4.24249,-1.43354,-1.41051,0
1,1.75205e-11,9.48479,4.28653,1.5708,-1.5708,0
1,-0.822788,8.52834,4.22484,-1.50468,1.37845,0
1,-0.685894,9.24567,4.24249,1.43354,1.41051,0
1,-1.35072,9.00656,4.06816,-0.548967,1.25023,0
1,-2.11216,8.05011,3.75035,-1.40244,1.05788,0
1,-1.9878,8.76745,3.81023,1.19004,1.08994,0
1,-2.56382,8.52834,3.43528,-0.311752,0.929655,0
1,-3.18632,7.57189,2.89373,-1.31981,0.737313,0
1,-3.08717,8.28922,2.98975,1.01459,0.76937,0
1,-3.51569,8.05011,2.4524,-0.23082,0.609084,0
1,-3.93583,7.09366,1.74228,-1.26408,0.416742,0
1,-3.87199,7.811,1.86465,0.908539,0.448799,0
1,-4.10936,7.57189,1.21964,-0.198412,0.288514,0
1,-4.28433,6.61544,0.413304,-1.23881,0.0961712,0
1,-4.2623,7.33278,0.549563,0.861488,0.128228,0
1,-4.28433,7.09366,-0.13739,-0.190507,-0.0320571,0
1,-4.1963,6.13721,-0.957779,-1.24515,-0.224399,0
1,-4.21833,6.85455,-0.82152,0.866608,-0.192342,0
1,-4.02277,6.61544,-1.48042,-0.202568,-0.352628,0
1,-3.68072,5.65899,-2.23127,-1.28285,-0.54497,0
1,-3.74456,6.37633,-2.1089,0.924697,-0.512913,0
1,-3.35134,6.13721,-2.67261,-0.241713,-0.673198,0
1,-2.79012,5.18077,-3.27743,-1.34994,-0.865541,0
1,-2.88927,5.8981,-3.18141,1.04384,-0.833484,0
1,-2.33845,5.65899,-3.59249,-0.339627,-0.993769,0
1,-1.61523,4.70254,-3.98965,-1.44155,-1.18611,0
1,-1.73959,5.41988,-3.92976,1.23384,-1.15405,0
1,-1.0873,5.18077,-4.14634,-0.649794,-1.31434,0
1,-0.275772,4.22432,-4.29537,-1.54861,-1.50668,0
1,-0.412667,4.94165,-4.27772,1.48789,-1.47463,0
1,0.274639,4.70254,-4.27772,1.24988,1.50668,0
1,1.09178,3.74609,-4.16345,1.48317,1.31434,0
1,0.956302,4.46343,-4.18983,-1.38055,1.3464,0
1,1.60859,4.22432,-3.97326,0.474489,1.18611,0
1,2.3481,3.26787,-3.60731,1.38405,0.993769,0
1,2.22783,3.9852,-3.67505,-1.14908,1.02583,0
1,2.77865,3.74609,-3.26396,0.289019,0.865541,0
1,3.36517,2.78964,-2.68364,1.30635,0.673198,0
1,3.27238,3.50698,-2.78581,-0.988134,0.705255,0
1,3.6656,3.26787,-2.22211,0.221693,0.54497,0
1,4.03937,2.31142,-1.48653,1.25653,0.352628,0
1,3.9835,3.02876,-1.61274,-0.894725,0.384685,0
1,4.17906,2.78964,-0.953843,0.195187,0.224399,0
1,4.30201,1.83319,-0.137957,1.23754,0.0320571,0
1,4.28875,2.55053,-0.275347,-0.858429,0.0641141,0
1,4.28433,12.3541,0.413304,1.23881,-0.0961712,0
1,4.17906,12.8324,0.953843,0.195187,-0.224399,0
1,4.28875,13.0715,0.275347,-0.858429,-0.0641141,0
1,4.28433,11.8759,-0.13739,0.190507,0.0320571,0
1,3.93583,11.8759,1.74228,1.26408,-0.416742,0
1,3.9835,12.5932,1.61274,-0.894725,-0.384685,0
1,3.6656,12.3541,2.22211,0.221693,-0.54497,0
1,3.18632,11.3977,2.89373,1.31981,-0.737313,0
1,3.27238,12.115,2.78581,-0.988134,-0.705255,0
1,2.77865,11.8759,3.26396,0.289019,-0.865541,0
1,2.11216,10.9195,3.75035,1.40244,-1.05788,0
1,2.22783,11.6368,3.67505,-1.14908,-1.02583,0
1,1.60859,11.3977,3.97326,0.474489,-1.18611,0
1,0.822788,10.4412,4.22484,1.50468,-1.37845,0
1,0.956302,11.1586,4.18983,-1.38055,-1.3464,0
1,0.274639,10.9195,4.27772,1.24988,-1.50668,0
1,-0.550411,9.96301,4.26888,-1.52653,1.44257,0
1,-0.412667,10.6803,4.27772,1.48789,1.47463,0
1,-1.0873,10.4412,4.14634,-0.649794,1.31434,0
1,-1.86753,9.48479,3.87797,-1.42164,1.122,0
1,-1.73959,10.2021,3.92976,1.23384,1.15405,0
1,-2.33845,9.96301,3.59249,-0.339627,0.993769,0
1,-2.99437,9.00656,3.09193,-1.33435,0.801427,0
1,-2.88927,9.7239,3.18141,1.04384,0.833484,0
1,-3.35134,9.48479,2.67261,-0.241713,0.673198,0
1,-3.81612,8.52834,1.99087,-1.27286,0.480856,0
1,-3.74456,9.24567,2.1089,0.924697,0.512913,0
1,-4.02277,9.00656,1.48042,-0.202568,0.352628,0
1,-4.24905,8.05011,0.686953,-1.24135,0.160285,0
1,-4.21833,8.76745,0.82152,0.866608,0.192342,0
1,-4.28433,8.52834,0.13739,-0.190507,0.0320571,0
1,-4.24905,7.57189,-0.686953,-1.24135,-0.160285,0
1,-4.2623,8.28922,-0.549563,0.861488,-0.128228,0
1,-4.10936,8.05011,-1.21964,-0.198412,-0.288514,0
1,-3.81612,7.09366,-1.99087,-1.27286,-0.480856,0
1,-3.87199,7.811,-1.86465,0.908539,-0.448799,0
1,-3.51569,7.57189,-2.4524,-0.23082,-0.609084,0
1,-2.99437,6.61544,-3.09193,-1.33435,-0.801427,0
1,-3.08717,7.33278,-2.98975,1.01459,-0.76937,0
1,-2.56382,7.09366,-3.43528,-0.311752,-0.929655,0
1,-1.86753,6.13721,-3.87797,-1.42164,-1.122,0
1,-1.9878,6.85455,-3.81023,1.19004,-1.08994,0
1,-1.35072,6.61544,-4.06816,-0.548967,-1.25023,0
1,-0.550411,5.65899,-4.26888,-1.52653,-1.44257,0
1,-0.685894,6.37633,-4.24249,1.43354,-1.41051,0
1,-1.02955e-11,6.13721,-4.28653,-1.5708,-1.5708,0
1,0.822788,5.18077,-4.22484,1.50468,1.37845,0
1,0.685894,5.8981,-4.24249,-1.43354,1.41051,0
1,1.35072,5.65899,-4.06816,0.548967,1.25023,0
1,2.11216,4.70254,-3.75035,1.40244,1.05788,0
1,1.9878,5.41988,-3.81023,-1.19004,1.08994,0
1,2.56382,5.18077,-3.43528,0.311752,0.929655,0
1,3.18632,4.22432,-2.89373,1.31981,0.737313,0
1,3.08717,4.94165,-2.98975,-1.01459,0.76937,0
1,3.51569,4.70254,-2.4524,0.23082,0.609084,0
1,3.93583,3.74609,-1.74228,1.26408,0.416742,0
1,3.87199,4.46343,-1.86465,-0.908539,0.448799,0
1,4.10936,4.22432,-1.21964,0.198412,0.288514,0
1,4.28433,3.26787,-0.413304,1.23881,0.0961712,0
1,4.2623,3.9852,-0.549563,-0.861488,0.128228,0
1,4.23158,14.267,0.68413,0.192824,-0.160285,0
1,4.30201,13.7888,0.137957,1.23754,-0.0320571,0
1,4.29758,14.5061,-2.66539e-11,-0.857411,6.20148e-12,0
1,4.03937,13.3106,1.48653,1.25653,-0.352628,0
1,4.07865,14.0279,1.3542,-0.883176,-0.320571,0
1,3.80044,13.7888,1.98268,0.214069,-0.480856,0
1,3.36517,12.8324,2.68364,1.30635,-0.673198,0
1,3.44414,13.5497,2.57043,-0.964399,-0.641141,0
1,2.98206,13.3106,3.07923,0.270282,-0.801427,0
1,2.3481,12.3541,3.60731,1.38405,-0.993769,0
1,2.45872,13.0715,3.52476,-1.11105,-0.961712,0
1,1.85986,12.8324,3.86203,0.418051,-1.122,0
1,1.09178,11.8759,4.16345,1.48317,-1.31434,0
1,1.22278,12.5932,4.11995,-1.32936,-1.28228,0
1,0.548149,12.3541,4.25134,0.985027,-1.44257,0
1,-0.275772,11.3977,4.29537,-1.54861,1.50668,0
1,-0.137744,12.115,4.29537,1.54306,1.53874,0
1,-0.819407,11.8759,4.20748,-0.789536,1.37845,0
1,-1.61523,10.9195,3.98965,-1.44155,1.18611,0
1,-1.48423,11.6368,4.03315,1.28036,1.21817,0
1,-2.10348,11.3977,3.73493,-0.374272,1.05788,0
1,-2.79012,10.4412,3.27743,-1.34994,0.865541,0
1,-2.6795,11.1586,3.35999,1.07598,0.897598,0
1,-3.17322,10.9195,2.88184,-0.254716,0.737313,0
1,-3.68072,9.96301,2.23127,-1.28285,0.54497,0
1,-3.60175,10.6803,2.34448,0.943286,0.577027,0
1,-3.91966,10.4412,1.73512,-0.207747,0.416742,0
1,-4.1963,9.48479,0.957779,-1.24515,0.224399,0
1,-4.15703,10.2021,1.0901,0.873823,0.256457,0
1,-4.26672,9.96301,0.411606,-0.191275,0.0961712,0
1,-4.28433,9.00656,-0.413304,-1.23881,-0.0961712,0
1,-4.28875,9.7239,-0.275347,0.858429,-0.0641141,0
1,-4.17906,9.48479,-0.953843,-0.195187,-0.224399,0
1,-3.93583,8.52834,-1.74228,-1.26408,-0.416742,0
1,-3.9835,9.24567,-1.61274,0.894725,-0.384685,0
1,-3.6656,9.00656,-2.22211,-0.221693,-0.54497,0
1,-3.18632,8.05011,-2.89373,-1.31981,-0.737313,0
1,-3.27238,8.76745,-2.78581,0.988134,-0.705255,0
1,-2.77865,8.52834,-3.26396,-0.289019,-0.865541,0
1,-2.11216,7.57189,-3.75035,-1.40244,-1.05788,0
1,-2.22783,8.28922,-3.67505,1.14908,-1.02583,0
1,-1.60859,8.05011,-3.97326,-0.474489,-1.18611,0
1,-0.822788,7.09366,-4.22484,-1.50468,-1.37845,0
1,-0.956302,7.811,-4.18983,1.38055,-1.3464,0
1,-0.274639,7.57189,-4.27772,-1.24988,-1.50668,0
1,0.550411,6.61544,-4.26888,1.52653,1.44257,0
1,0.412667,7.33278,-4.27772,-1.48789,1.47463,0
1,1.0873,7.09366,-4.14634,0.649794,1.31434,0
1,1.86753,6.13721,-3.87797,1.42164,1.122,0
1,1.73959,6.85455,-3.92976,-1.23384,1.15405,0
1,2.33845,6.61544,-3.59249,0.339627,0.993769,0
1,2.99437,5.65899,-3.09193,1.33435,0.801427,0
1,2.88927,6.37633,-3.18141,-1.04384,0.833484,0
1,3.35134,6.13721,-2.67261,0.241713,0.673198,0
1,3.81612,5.18077,-1.99087,1.27286,0.480856,0
1,3.74456,5.8981,-2.1089,-0.924697,0.512913,0
1,4.02277,5.65899,-1.48042,0.202568,0.352628,0
1,4.24905,4.70254,-0.686953,1.24135,0.160285,0
1,4.21833,5.41988,-0.82152,-0.866608,0.192342,0
1,4.12632,14.7453,1.22467,1.25021,-0.288514,0
1,4.15703,15.4626,1.0901,-0.873823,-0.256457,0
1,3.91966,15.2235,1.73512,0.207747,-0.416742,0
1,3.5302,14.267,2.46251,1.29402,-0.609084,0
1,3.60175,14.9844,2.34448,-0.943286,-0.577027,0
1,3.17322,14.7453,2.88184,0.254716,-0.737313,0
1,2.5744,13.7888,3.44946,1.36653,-0.929655,0
1,2.6795,14.5061,3.35999,-1.07598,-0.897598,0
1,2.10348,14.267,3.73493,0.374272,-1.05788,0
1,1.35629,13.3106,4.08494,1.46209,-1.25023,0
1,1.48423,14.0279,4.03315,-1.28036,-1.21817,0
1,0.819407,13.7888,4.20748,0.789536,-1.37845,0
1,2.39599e-11,12.8324,4.30422,1.5708,-1.5708,0
1,0.137744,13.5497,4.29537,-1.54306,-1.53874,0
1,-0.548149,13.3106,4.25134,-0.985027,1.44257,0
1,-1.35629,12.3541,4.08494,-1.46209,1.25023,0
1,-1.22278,13.0715,4.11995,1.32936,1.28228,0
1,-1.85986,12.8324,3.86203,-0.418051,1.122,0
1,-2.5744,11.8759,3.44946,-1.36653,0.929655,0
1,-2.45872,12.5932,3.52476,1.11105,0.961712,0
1,-2.98206,12.3541,3.07923,-0.270282,0.801427,0
1,-3.5302,11.3977,2.46251,-1.29402,0.609084,0
1,-3.44414,12.115,2.57043,0.964399,0.641141,0
1,-3.80044,11.8759,1.98268,-0.214069,0.480856,0
1,-4.12632,10.9195,1.22467,-1.25021,0.288514,0
1,-4.07865,11.6368,1.3542,0.883176,0.320571,0
1,-4.23158,11.3977,0.68413,-0.192824,0.160285,0
1,-4.30201,10.4412,-0.137957,-1.23754,-0.0320571,0
1,-4.29758,11.1586,2.02985e-11,0.857411,4.72233e-12,0
1,-4.23158,10.9195,-0.68413,-0.192824,-0.160285,0
1,-4.03937,9.96301,-1.48653,-1.25653,-0.352628,0
1,-4.07865,10.6803,-1.3542,0.883176,-0.320571,0
1,-3.80044,10.4412,-1.98268,-0.214069,-0.480856,0
1,-3.36517,9.48479,-2.68364,-1.30635,-0.673198,0
1,-3.44414,10.2021,-2.57043,0.964399,-0.641141,0
1,-2.98206,9.96301,-3.07923,-0.270282,-0.801427,0
1,-2.3481,9.00656,-3.60731,-1.38405,-0.993769,0
1,-2.45872,9.7239,-3.52476,1.11105,-0.961712,0
1,-1.85986,9.48479,-3.86203,-0.418051,-1.122,0
1,-1.09178,8.52834,-4.16345,-1.48317,-1.31434,0
1,-1.22278,9.24567,-4.11995,1.32936,-1.28228,0
1,-0.548149,9.00656,-4.25134,-0.985027,-1.44257,0
1,0.275772,8.05011,-4.29537,1.54861,1.50668,0
1,0.137744,8.76745,-4.29537,-1.54306,1.53874,0
1,0.819407,8.52834,-4.20748,0.789536,1.37845,0
1,1.61523,7.57189,-3.98965,1.44155,1.18611,0
1,1.48423,8.28922,-4.03315,-1.28036,1.21817,0
1,2.10348,8.05011,-3.73493,0.374272,1.05788,0
1,2.79012,7.09366,-3.27743,1.34994,0.865541,0
1,2.6795,7.811,-3.35999,-1.07598,0.897598,0
1,3.17322,7.57189,-2.88184,0.254716,0.737313,0
1,3.68072,6.61544,-2.23127,1.28285,0.54497,0
1,3.60175,7.33278,-2.34448,-0.943286,0.577027,0
1,3.91966,7.09366,-1.73512,0.207747,0.416742,0
1,4.1963,6.13721,-0.957779,1.24515,0.224399,0
1,4.15703,6.85455,-1.0901,-0.873823,0.256457,0
1,4.26672,6.61544,-0.411606,0.191275,0.0961712,0
1,4.1963,16.1799,0.957779,1.24515,-0.224399,0
1,4.21833,16.8973,0.82152,-0.866608,-0.192342,0
1,4.02277,16.6582,1.48042,0.202568,-0.352628,0
1,4.26672,15.7017,0.411606,0.191275,-0.0961712,0
1,3.68072,15.7017,2.23127,1.28285,-0.54497,0
1,3.74456,16.419,2.1089,-0.924697,-0.512913,0
1,3.35134,16.1799,2.67261,0.241713,-0.673198,0
1,2.79012,15.2235,3.27743,1.34994,-0.865541,0
1,2.88927,15.9408,3.18141,-1.04384,-0.833484,0
1,2.33845,15.7017,3.59249,0.339627,-0.993769,0
1,1.61523,14.7453,3.98965,1.44155,-1.18611,0
1,1.73959,15.4626,3.92976,-1.23384,-1.15405,0
1,1.0873,15.2235,4.14634,0.649794,-1.31434,0
1,0.275772,14.267,4.29537,1.54861,-1.50668,0
1,0.412667,14.9844,4.27772,-1.48789,-1.47463,0
1,-0.274639,14.7453,4.27772,-1.24988,1.50668,0
1,-1.09178,13.7888,4.16345,-1.48317,1.31434,0
1,-0.956302,14.5061,4.18983,1.38055,1.3464,0
1,-1.60859,14.267,3.97326,-0.474489,1.18611,0
1,-2.3481,13.3106,3.60731,-1.38405,0.993769,0
1,-2.22783,14.0279,3.67505,1.14908,1.02583,0
1,-2.77865,13.7888,3.26396,-0.289019,0.865541,0
1,-3.36517,12.8324,2.68364,-1.30635,0.673198,0
1,-3.27238,13.5497,2.78581,0.988134,0.705255,0
1,-3.6656,13.3106,2.22211,-0.221693,0.54497,0
1,-4.03937,12.3541,1.48653,-1.25653,0.352628,0
1,-3.9835,13.0715,1.61274,0.894725,0.384685,0
1,-4.17906,12.8324,0.953843,-0.195187,0.224399,0
1,-4.30201,11.8759,0.137957,-1.23754,0.0320571,0
1,-4.28875,12.5932,0.275347,0.858429,0.0641141,0
1,-4.26672,12.3541,-0.411606,-0.191275,-0.0961712,0
1,-4.12632,11.3977,-1.22467,-1.25021,-0.288514,0
1,-4.15703,12.115,-1.0901,0.873823,-0.256457,0
1,-3.91966,11.8759,-1.73512,-0.207747,-0.416742,0
1,-3.5302,10.9195,-2.46251,-1.29402,-0.609084,0
1,-3.60175,11.6368,-2.34448,0.943286,-0.577027,0
1,-3.17322,11.3977,-2.88184,-0.254716,-0.737313,0
1,-2.5744,10.4412,-3.44946,-1.36653,-0.929655,0
1,-2.6795,11.1586,-3.35999,1.07598,-0.897598,0
1,-2.10348,10.9195,-3.73493,-0.374272,-1.05788,0
1,-1.35629,9.96301,-4.08494,-1.46209,-1.25023,0
1,-1.48423,10.6803,-4.03315,1.28036,-1.21817,0
1,-0.819407,10.4412,-4.20748,-0.789536,-1.37845,0
1,-1.66974e-11,9.48479,-4.30422,-1.5708,-1.5708,0
1,-0.137744,10.2021,-4.29537,1.54306,-1.53874,0
1,0.548149,9.96301,-4.25134,0.985027,1.44257,0
1,1.35629,9.00656,-4.08494,1.46209,1.25023,0
1,1.22278,9.7239,-4.11995,-1.32936,1.28228,0
1,1.85986,9.48479,-3.86203,0.418051,1.122,0
1,2.5744,8.52834,-3.44946,1.36653,0.929655,0
1,2.45872,9.24567,-3.52476,-1.11105,0.961712,0
1,2.98206,9.00656,-3.07923,0.270282,0.801427,0
1,3.5302,8.05011,-2.46251,1.29402,0.609084,0
1,3.44414,8.76745,-2.57043,-0.964399,0.641141,0
1,3.80044,8.52834,-1.98268,0.214069,0.480856,0
1,4.12632,7.57189,-1.22467,1.25021,0.288514,0
1,4.07865,8.28922,-1.3542,-0.883176,0.320571,0
1,4.23158,8.05011,-0.68413,0.192824,0.160285,0
1,4.24905,17.6146,0.686953,1.24135,-0.160285,0
1,4.2623,18.3319,0.549563,-0.861488,-0.128228,0
1,4.10936,18.0928,1.21964,0.198412,-0.288514,0
1,4.28433,17.1364,0.13739,0.190507,-0.0320571,0
1,3.81612,17.1364,1.99087,1.27286,-0.480856,0
1,3.87199,17.8537,1.86465,-0.908539,-0.448799,0
1,3.51569,17.6146,2.4524,0.23082,-0.609084,0
1,2.99437,16.6582,3.09193,1.33435,-0.801427,0
1,3.08717,17.3755,2.98975,-1.01459,-0.76937,0
1,2.56382,17.1364,3.43528,0.311752,-0.929655,0
1,1.86753,16.1799,3.87797,1.42164,-1.122,0
1,1.9878,16.8973,3.81023,-1.19004,-1.08994,0
1,1.35072,16.6582,4.06816,0.548967,-1.25023,0
1,0.550411,15.7017,4.26888,1.52653,-1.44257,0
1,0.685894,16.419,4.24249,-1.43354,-1.41051,0
1,3.01981e-11,16.1799,4.28653,1.5708,-1.5708,0
1,-0.822788,15.2235,4.22484,-1.50468,1.37845,0
1,-0.685894,15.9408,4.24249,1.43354,1.41051,0
1,-1.35072,15.7017,4.06816,-0.548967,1.25023,0
1,-2.11216,14.7453,3.75035,-1.40244,1.05788,0
1,-1.9878,15.4626,3.81023,1.19004,1.08994,0
1,-2.56382,15.2235,3.43528,-0.311752,0.929655,0
1,-3.18632,14.267,2.89373,-1.31981,0.737313,0
1,-3.08717,14.9844,2.98975,1.01459,0.76937,0
1,-3.51569,14.7453,2.4524,-0.23082,0.609084,0
1,-3.93583,13.7888,1.74228,-1.26408,0.416742,0
1,-3.87199,14.5061,1.86465,0.908539,0.448799,0
1,-4.10936,14.267,1.21964,-0.198412,0.288514,0
1,-4.28433,13.3106,0.413304,-1.23881,0.0961712,0
1,-4.2623,14.0279,0.549563,0.861488,0.128228,0
1,-4.28433,13.7888,-0.13739,-0.190507,-0.0320571,0
1,-4.1963,12.8324,-0.957779,-1.24515,-0.224399,0
1,-4.21833,13.5497,-0.82152,0.866608,-0.192342,0
1,-4.02277,13.3106,-1.48042,-0.202568,-0.352628,0
1,-3.68072,12.3541,-2.23127,-1.28285,-0.54497,0
1,-3.74456,13.0715,-2.1089,0.924697,-0.512913,0
1,-3.35134,12.8324,-2.67261,-0.241713,-0.673198,0
1,-2.79012,11.8759,-3.27743,-1.34994,-0.865541,0
1,-2.88927,12.5932,-3.18141,1.04384,-0.833484,0
1,-2.33845,12.3541,-3.59249,-0.339627,-0.993769,0
1,-1.61523,11.3977,-3.98965,-1.44155,-1.18611,0
1,-1.73959,12.115,-3.92976,1.23384,-1.15405,0
1,-1.0873,11.8759,-4.14634,-0.649794,-1.31434,0
1,-0.275772,10.9195,-4.29537,-1.54861,-1.50668,0
1,-0.412667,11.6368,-4.27772,1.48789,-1.47463,0
1,0.274639,11.3977,-4.27772,1.24988,1.50668,0
1,1.09178,10.4412,-4.16345,1.48317,1.31434,0
1,0.956302,11.1586,-4.18983,-1.38055,1.3464,0
1,1.60859,10.9195,-3.97326,0.474489,1.18611,0
1,2.3481,9.96301,-3.60731,1.38405,0.993769,0
1,2.22783,10.6803,-3.67505,-1.14908,1.02583,0
1,2.77865,10.4412,-3.26396,0.289019,0.865541,0
1,3.36517,9.48479,-2.68364,1.30635,0.673198,0
1,3.27238,10.2021,-2.78581,-0.988134,0.705255,0
1,3.6656,9.96301,-2.22211,0.221693,0.54497,0
1,4.03937,9.00656,-1.48653,1.25653,0.352628,0
1,3.9835,9.7239,-1.61274,-0.894725,0.384685,0
1,4.17906,9.48479,-0.953843,0.195187,0.224399,0
1,4.30201,8.52834,-0.137957,1.23754,0.0320571,0
1,4.28875,9.24567,-0.275347,-0.858429,0.0641141,0
1,4.28433,19.0493,0.413304,1.23881,-0.0961712,0
1,4.17906,19.5275,0.953843,0.195187,-0.224399,0
1,4.28875,19.7666,0.275347,-0.858429,-0.0641141,0
1,4.28433,18.5711,-0.13739,0.190507,0.0320571,0
1,3.93583,18.5711,1.74228,1.26408,-0.416742,0
1,3.9835,19.2884,1.61274,-0.894725,-0.384685,0
1,3.6656,19.0493,2.22211,0.221693,-0.54497,0
1,3.18632,18.0928,2.89373,1.31981,-0.737313,0
1,3.27238,18.8102,2.78581,-0.988134,-0.705255,0
1,2.77865,18.5711,3.26396,0.289019,-0.865541,0
1,2.11216,17.6146,3.75035,1.40244,-1.05788,0
1,2.22783,18.3319,3.67505,-1.14908,-1.02583,0
1,1.60859,18.0928,3.97326,0.474489,-1.18611,0
1,0.822788,17.1364,4.22484,1.50468,-1.37845,0
1,0.956302,17.8537,4.18983,-1.38055,-1.3464,0
1,0.274639,17.6146,4.27772,1.24988,-1.50668,0
1,-0.550411,16.6582,4.26888,-1.52653,1.44257,0
1,-0.412667,17.3755,4.27772,1.48789,1.47463,0
1,-1.0873,17.1364,4.14634,-0.649794,1.31434,0
1,-1.86753,16.1799,3.87797,-1.42164,1.122,0
1,-1.73959,16.8973,3.92976,1.23384,1.15405,0
1,-2.33845,16.6582,3.59249,-0.339627,0.993769,0
1,-2.99437,15.7017,3.09193,-1.33435,0.801427,0
1,-2.88927,16.419,3.18141,1.04384,0.833484,0
1,-3.35134,16.1799,2.67261,-0.241713,0.673198,0
1,-3.81612,15.2235,1.99087,-1.27286,0.480856,0
1,-3.74456,15.9408,2.1089,0.924697,0.512913,0
1,-4.02277,15.7017,1.48042,-0.202568,0.352628,0
1,-4.24905,14.7453,0.686953,-1.24135,0.160285,0
1,-4.21833,15.4626,0.82152,0.866608,0.192342,0
1,-4.28433,15.2235,0.13739,-0.190507,0.0320571,0
1,-4.24905,14.267,-0.686953,-1.24135,-0.160285,0
1,-4.2623,14.9844,-0.549563,0.861488,-0.128228,0
1,-4.10936,14.7453,-1.21964,-0.198412,-0.288514,0
1,-3.81612,13.7888,-1.99087,-1.27286,-0.480856,0
1,-3.87199,14.5061,-1.86465,0.908539,-0.448799,0
1,-3.51569,14.267,-2.4524,-0.23082,-0.609084,0
1,-2.99437,13.3106,-3.09193,-1.33435,-0.801427,0
1,-3.08717,14.0279,-2.98975,1.01459,-0.76937,0
1,-2.56382,13.7888,-3.43528,-0.311752,-0.929655,0
1,-1.86753,12.8324,-3.87797,-1.42164,-1.122,0
1,-1.9878,13.5497,-3.81023,1.19004,-1.08994,0
1,-1.35072,13.3106,-4.06816,-0.548967,-1.25023,0
1,-0.550411,12.3541,-4.26888,-1.52653,-1.44257,0
1,-0.685894,13.0715,-4.24249,1.43354,-1.41051,0
1,-2.29716e-11,12.8324,-4.28653,-1.5708,-1.5708,0
1,0.822788,11.8759,-4.22484,1.50468,1.37845,0
1,0.685894,12.5932,-4.24249,-1.43354,1.41051,0
1,1.35072,12.3541,-4.06816,0.548967,1.25023,0
1,2.11216,11.3977,-3.75035,1.40244,1.05788,0
1,1.9878,12.115,-3.81023,-1.19004,1.08994,0
1,2.56382,11.8759,-3.43528,0.311752,0.929655,0
1,3.18632,10.9195,-2.89373,1.31981,0.737313,0
1,3.08717,11.6368,-2.98975,-1.01459,0.76937,0
1,3.51569,11.3977,-2.4524,0.23082,0.609084,0
1,3.93583,10.4412,-1.74228,1.26408,0.416742,0
1,3.87199,11.1586,-1.86465,-0.908539,0.448799,0
1,4.10936,10.9195,-1.21964,0.198412,0.288514,0
1,4.28433,9.96301,-0.413304,1.23881,0.0961712,0
1,4.2623,10.6803,-0.549563,-0.861488,0.128228,0
1,4.23158,20.9622,0.68413,0.192824,-0.160285,0
1,4.30201,20.4839,0.137957,1.23754,-0.0320571,0
1,4.29758,21.2013,-3.93653e-11,-0.857411,9.15978e-12,0
1,4.03937,20.0057,1.48653,1.25653,-0.352628,0
1,4.07865,20.7231,1.3542,-0.883176,-0.320571,0
1,3.80044,20.4839,1.98268,0.214069,-0.480856,0
1,3.36517,19.5275,2.68364,1.30635,-0.673198,0
1,3.44414,20.2448,2.57043,-0.964399,-0.641141,0
1,2.98206,20.0057,3.07923,0.270282,-0.801427,0
1,2.3481,19.0493,3.60731,1.38405,-0.993769,0
1,2.45872,19.7666,3.52476,-1.11105,-0.961712,0
1,1.85986,19.5275,3.86203,0.418051,-1.122,0
1,1.09178,18.5711,4.16345,1.48317,-1.31434,0
1,1.22278,19.2884,4.11995,-1.32936,-1.28228,0
1,0.548149,19.0493,4.25134,0.985027,-1.44257,0
1,-0.275772,18.0928,4.29537,-1.54861,1.50668,0
1,-0.137744,18.8102,4.29537,1.54306,1.53874,0
1,-0.819407,18.5711,4.20748,-0.789536,1.37845,0
1,-1.61523,17.6146,3.98965,-1.44155,1.18611,0
1,-1.48423,18.3319,4.03315,1.28036,1.21817,0
1,-2.10348,18.0928,3.73493,-0.374272,1.05788,0
1,-2.79012,17.1364,3.27743,-1.34994,0.865541,0
1,-2.6795,17.8537,3.35999,1.07598,0.897598,0
1,-3.17322,17.6146,2.88184,-0.254716,0.737313,0
1,-3.68072,16.6582,2.23127,-1.28285,0.54497,0
1,-3.60175,17.3755,2.34448,0.943286,0.577027,0
1,-3.91966,17.1364,1.73512,-0.207747,0.416742,0
1,-4.1963,16.1799,0.957779,-1.24515,0.224399,0
1,-4.15703,16.8973,1.0901,0.873823,0.256457,0
1,-4.26672,16.6582,0.411606,-0.191275,0.0961712,0
1,-4.28433,15.7017,-0.413304,-1.23881,-0.0961712,0
1,-4.28875,16.419,-0.275347,0.858429,-0.0641141,0
1,-4.17906,16.1799,-0.953843,-0.195187,-0.224399,0
1,-3.93583,15.2235,-1.74228,-1.26408,-0.416742,0
1,-3.9835,15.9408,-1.61274,0.894725,-0.384685,0
1,-3.6656,15.7017,-2.22211,-0.221693,-0.54497,0
1,-3.18632,14.7453,-2.89373,-1.31981,-0.737313,0
1,-3.27238,15.4626,-2.78581,0.988134,-0.705255,0
1,-2.77865,15.2235,-3.26396,-0.289019,-0.865541,0
1,-2.11216,14.267,-3.75035,-1.40244,-1.05788,0
1,-2.22783,14.9844,-3.67505,1.14908,-1.02583,0
1,-1.60859,14.7453,-3.97326,-0.474489,-1.18611,0
1,-0.822788,13.7888,-4.22484,-1.50468,-1.37845,0
1,-0.956302,14.5061,-4.18983,1.38055,-1.3464,0
1,-0.274639,14.267,-4.27772,-1.24988,-1.50668,0
1,0.550411,13.3106,-4.26888,1.52653,1.44257,0
1,0.412667,14.0279,-4.27772,-1.48789,1.47463,0
1,1.0873,13.7888,-4.14634,0.649794,1.31434,0
1,1.86753,12.8324,-3.87797,1.42164,1.122,0
1,1.73959,13.5497,-3.92976,-1.23384,1.15405,0
1,2.33845,13.3106,-3.59249,0.339627,0.993769,0
1,2.99437,12.3541,-3.09193,1.33435,0.801427,0
1,2.88927,13.0715,-3.18141,-1.04384,0.833484,0
1,3.35134,12.8324,-2.67261,0.241713,0.673198,0
1,3.81612,11.8759,-1.99087,1.27286,0.480856,0
1,3.74456,12.5932,-2.1089,-0.924697,0.512913,0
1,4.02277,12.3541,-1.48042,0.202568,0.352628,0
1,4.24905,11.3977,-0.686953,1.24135,0.160285,0
1,4.21833,12.115,-0.82152,-0.866608,0.192342,0
1,4.12632,21.4404,1.22467,1.25021,-0.288514,0
1,4.15703,22.1577,1.0901,-0.873823,-0.256457,0
1,3.91966,21.9186,1.73512,0.207747,-0.416742,0
1,3.5302,20.9622,2.46251,1.29402,-0.609084,0
1,3.60175,21.6795,2.34448,-0.943286,-0.577027,0
1,3.17322,21.4404,2.88184,0.254716,-0.737313,0
1,2.5744,20.4839,3.44946,1.36653,-0.929655,0
1,2.6795,21.2013,3.35999,-1.07598,-0.897598,0
1,2.10348,20.9622,3.73493,0.374272,-1.05788,0
1,1.35629,20.0057,4.08494,1.46209,-1.25023,0
1,1.48423,20.7231,4.03315,-1.28036,-1.21817,0
1,0.819407,20.4839,4.20748,0.789536,-1.37845,0
1,3.66873e-11,19.5275,4.30422,1.5708,-1.5708,0
1,0.137744,20.2448,4.29537,-1.54306,-1.53874,0
1,-0.548149,20.0057,4.25134,-0.985027,1.44257,0
1,-1.35629,19.0493,4.08494,-1.46209,1.25023,0
1,-1.22278,19.7666,4.11995,1.32936,1.28228,0
1,-1.85986,19.5275,3.86203,-0.418051,1.122,0
1,-2.5744,18.5711,3.44946,-1.36653,0.929655,0
1,-2.45872,19.2884,3.52476,1.11105,0.961712,0
1,-2.98206,19.0493,3.07923,-0.270282,0.801427,0
1,-3.5302,18.0928,2.46251,-1.29402,0.609084,0
1,-3.44414,18.8102,2.57043,0.964399,0.641141,0
1,-3.80044,18.5711,1.98268,-0.214069,0.480856,0
1,-4.12632,17.6146,1.22467,-1.25021,0.288514,0
1,-4.07865,18.3319,1.3542,0.883176,0.320571,0
1,-4.23158,18.0928,0.68413,-0.192824,0.160285,0
1,-4.30201,17.1364,-0.137957,-1.23754,-0.0320571,0
1,-4.29758,17.8537,3.30072e-11,0.857411,7.68063e-12,0
1,-4.23158,17.6146,-0.68413,-0.192824,-0.160285,0
1,-4.03937,16.6582,-1.48653,-1.25653,-0.352628,0
1,-4.07865,17.3755,-1.3542,0.883176,-0.320571,0
1,-3.80044,17.1364,-1.98268,-0.214069,-0.480856,0
1,-3.36517,16.1799,-2.68364,-1.30635,-0.673198,0
1,-3.44414,16.8973,-2.57043,0.964399,-0.641141,0
1,-2.98206,16.6582,-3.07923,-0.270282,-0.801427,0
1,-2.3481,15.7017,-3.60731,-1.38405,-0.993769,0
1,-2.45872,16.419,-3.52476,1.11105,-0.961712,0
1,-1.85986,16.1799,-3.86203,-0.418051,-1.122,0
1,-1.09178,15.2235,-4.16345,-1.48317,-1.31434,0
1,-1.22278,15.9408,-4.11995,1.32936,-1.28228,0
1,-0.548149,15.7017,-4.25134,-0.985027,-1.44257,0
1,0.275772,14.7453,-4.29537,1.54861,1.50668,0
1,0.137744,15.4626,-4.29537,-1.54306,1.53874,0
1,0.819407,15.2235,-4.20748,0.789536,1.37845,0
1,1.61523,14.267,-3.98965,1.44155,1.18611,0
1,1.48423,14.9844,-4.03315,-1.28036,1.21817,0
1,2.10348,14.7453,-3.73493,0.374272,1.05788,0
1,2.79012,13.7888,-3.27743,1.34994,0.865541,0
1,2.6795,14.5061,-3.35999,-1.07598,0.897598,0
1,3.17322,14.267,-2.88184,0.254716,0.737313,0
1,3.68072,13.3106,-2.23127,1.28285,0.54497,0
1,3.60175,14.0279,-2.34448,-0.943286,0.577027,0
1,3.91966,13.7888,-1.73512,0.207747,0.416742,0
1,4.1963,12.8324,-0.957779,1.24515,0.224399,0
1,4.15703,13.5497,-1.0901,-0.873823,0.256457,0
1,4.26672,13.3106,-0.411606,0.191275,0.0961712,0
1,4.1963,22.8751,0.957779,1.24515,-0.224399,0
1,4.21833,23.5924,0.82152,-0.866608,-0.192342,0
1,4.02277,23.3533,1.48042,0.202568,-0.352628,0
1,4.26672,22.3968,0.411606,0.191275,-0.0961712,0
1,3.68072,22.3968,2.23127,1.28285,-0.54497,0
1,3.74456,23.1142,2.1089,-0.924697,-0.512913,0
1,3.35134,22.8751,2.67261,0.241713,-0.673198,0
1,2.79012,21.9186,3.27743,1.34994,-0.865541,0
1,2.88927,22.636,3.18141,-1.04384,-0.833484,0
1,2.33845,22.3968,3.59249,0.339627,-0.993769,0
1,1.61523,21.4404,3.98965,1.44155,-1.18611,0
1,1.73959,22.1577,3.92976,-1.23384,-1.15405,0
1,1.0873,21.9186,4.14634,0.649794,-1.31434,0
1,0.275772,20.9622,4.29537,1.54861,-1.50668,0
1,0.412667,21.6795,4.27772,-1.48789,-1.47463,0
1,-0.274639,21.4404,4.27772,-1.24988,1.50668,0
1,-1.09178,20.4839,4.16345,-1.48317,1.31434,0
1,-0.956302,21.2013,4.18983,1.38055,1.3464,0
1,-1.60859,20.9622,3.97326,-0.474489,1.18611,0
1,-2.3481,20.0057,3.60731,-1.38405,0.993769,0
1,-2.22783,20.7231,3.67505,1.14908,1.02583,0
1,-2.77865,20.4839,3.26396,-0.289019,0.865541,0
1,-3.36517,19.5275,2.68364,-1.30635,0.673198,0
1,-3.27238,20.2448,2.78581,0.988134,0.705255,0
1,-3.6656,20.0057,2.22211,-0.221693,0.54497,0
1,-4.03937,19.0493,1.48653,-1.25653,0.352628,0
1,-3.9835,19.7666,1.61274,0.894725,0.384685,0
1,-4.17906,19.5275,0.953843,-0.195187,0.224399,0
1,-4.30201,18.5711,0.137957,-1.23754,0.0320571,0
1,-4.28875,19.2884,0.275347,0.858429,0.0641141,0
1,-4.26672,19.0493,-0.411606,-0.191275,-0.0961712,0
1,-4.12632,18.0928,-1.22467,-1.25021,-0.288514,0
1,-4.15703,18.8102,-1.0901,0.873823,-0.256457,0
1,-3.91966,18.5711,-1.73512,-0.207747,-0.416742,0
1,-3.5302,17.6146,-2.46251,-1.29402,-0.609084,0
1,-3.60175,18.3319,-2.34448,0.943286,-0.577027,0
1,-3.17322,18.0928,-2.88184,-0.254716,-0.737313,0
1,-2.5744,17.1364,-3.44946,-1.36653,-0.929655,0
1,-2.6795,17.8537,-3.35999,1.07598,-0.897598,0
1,-2.10348,17.6146,-3.73493,-0.374272,-1.05788,0
1,-1.35629,16.6582,-4.08494,-1.46209,-1.25023,0
1,-1.48423,17.3755,-4.03315,1.28036,-1.21817,0
1,-0.819407,17.1364,-4.20748,-0.789536,-1.37845,0
1,-2.94315e-11,16.1799,-4.30422,-1.5708,-1.5708,0
1,-0.137744,16.8973,-4.29537,1.54306,-1.53874,0
1,0.548149,16.6582,-4.25134,0.985027,1.44257,0
1,1.35629,15.7017,-4.08494,1.46209,1.25023,0
1,1.22278,16.419,-4.11995,-1.32936,1.28228,0
1,1.85986,16.1799,-3.86203,0.418051,1.122,0
1,2.5744,15.2235,-3.44946,1.36653,0.929655,0
1,2.45872,15.9408,-3.52476,-1.11105,0.961712,0
1,2.98206,15.7017,-3.07923,0.270282,0.801427,0
1,3.5302,14.7453,-2.46251,1.29402,0.609084,0
1,3.44414,15.4626,-2.57043,-0.964399,0.641141,0
1,3.80044,15.2235,-1.98268,0.214069,0.480856,0
1,4.12632,14.267,-1.22467,1.25021,0.288514,0
1,4.07865,14.9844,-1.3542,-0.883176,0.320571,0
1,4.23158,14.7453,-0.68413,0.192824,0.160285,0
1,4.24905,24.3097,0.686953,1.24135,-0.160285,0
1,4.2623,25.0271,0.549563,-0.861488,-0.128228,0
1,4.10936,24.788,1.21964,0.198412,-0.288514,0
1,4.28433,23.8315,0.13739,0.190507,-0.0320571,0
1,3.81612,23.8315,1.99087,1.27286,-0.480856,0
1,3.87199,24.5489,1.86465,-0.908539,-0.448799,0
1,3.51569,24.3097,2.4524,0.23082,-0.609084,0
1,2.99437,23.3533,3.09193,1.33435,-0.801427,0
1,3.08717,24.0706,2.98975,-1.01459,-0.76937,0
1,2.56382,23.8315,3.43528,0.311752,-0.929655,0
1,1.86753,22.8751,3.87797,1.42164,-1.122,0
1,1.9878,23.5924,3.81023,-1.19004,-1.08994,0
1,1.35072,23.3533,4.06816,0.548967,-1.25023,0
1,0.550411,22.3968,4.26888,1.52653,-1.44257,0
1,0.685894,23.1142,4.24249,-1.43354,-1.41051,0
1,4.28756e-11,22.8751,4.28653,1.5708,-1.5708,0
1,-0.822788,21.9186,4.22484,-1.50468,1.37845,0
1,-0.685894,22.636,4.24249,1.43354,1.41051,0
1,-1.35072,22.3968,4.06816,-0.548967,1.25023,0
1,-2.11216,21.4404,3.75035,-1.40244,1.05788,0
1,-1.9878,22.1577,3.81023,1.19004,1.08994,0
1,-2.56382,21.9186,3.43528,-0.311752,0.929655,0
1,-3.18632,20.9622,2.89373,-1.31981,0.737313,0
1,-3.08717,21.6795,2.98975,1.01459,0.76937,0
1,-3.51569,21.4404,2.4524,-0.23082,0.609084,0
1,-3.93583,20.4839,1.74228,-1.26408,0.416742,0
1,-3.87199,21.2013,1.86465,0.908539,0.448799,0
1,-4.10936,20.9622,1.21964,-0.198412,0.288514,0
1,-4.28433,20.0057,0.413304,-1.23881,0.0961712,0
1,-4.2623,20.7231,0.549563,0.861488,0.128228,0
1,-4.28433,20.4839,-0.13739,-0.190507,-0.0320571,0
1,-4.1963,19.5275,-0.957779,-1.24515,-0.224399,0
1,-4.21833,20.2448,-0.82152,0.866608,-0.192342,0
1,-4.02277,20.0057,-1.48042,-0.202568,-0.352628,0
1,-3.68072,19.0493,-2.23127,-1.28285,-0.54497,0
1,-3.74456,19.7666,-2.1089,0.924697,-0.512913,0
1,-3.35134,19.5275,-2.67261,-0.241713,-0.673198,0
1,-2.79012,18.5711,-3.27743,-1.34994,-0.865541,0
1,-2.88927,19.2884,-3.18141,1.04384,-0.833484,0
1,-2.33845,19.0493,-3.59249,-0.339627,-0.993769,0
1,-1.61523,18.0928,-3.98965,-1.44155,-1.18611,0
1,-1.73959,18.8102,-3.92976,1.23384,-1.15405,0
1,-1.0873,18.5711,-4.14634,-0.649794,-1.31434,0
1,-0.275772,17.6146,-4.29537,-1.54861,-1.50668,0
1,-0.412667,18.3319,-4.27772,1.48789,-1.47463,0
1,0.274639,18.0928,-4.27772,1.24988,1.50668,0
1,1.09178,17.1364,-4.16345,1.48317,1.31434,0
1,0.956302,17.8537,-4.18983,-1.38055,1.3464,0
1,1.60859,17.6146,-3.97326,0.474489,1.18611,0
1,2.3481,16.6582,-3.60731,1.38405,0.993769,0
1,2.22783,17.3755,-3.67505,-1.14908,1.02583,0
1,2.77865,17.1364,-3.26396,0.289019,0.865541,0
1,3.36517,16.1799,-2.68364,1.30635,0.673198,0
1,3.27238,16.8973,-2.78581,-0.988134,0.705255,0
1,3.6656,16.6582,-2.22211,0.221693,0.54497,0
1,4.03937,15.7017,-1.48653,1.25653,0.352628,0
1,3.9835,16.419,-1.61274,-0.894725,0.384685,0
1,4.17906,16.1799,-0.953843,0.195187,0.224399,0
1,4.30201,15.2235,-0.137957,1.23754,0.0320571,0
1,4.28875,15.9408,-0.275347,-0.858429,0.0641141,0
1,4.28433,25.7444,0.413304,1.23881,-0.0961712,0
1,4.17906,26.2226,0.953843,0.195187,-0.224399,0
1,4.28875,26.4618,0.275347,-0.858429,-0.0641141,0
1,4.28433,25.2662,-0.13739,0.190507,0.0320571,0
1,3.93583,25.2662,1.74228,1.26408,-0.416742,0
1,3.9835,25.9835,1.61274,-0.894725,-0.384685,0
1,3.6656,25.7444,2.22211,0.221693,-0.54497,0
1,3.18632,24.788,2.89373,1.31981,-0.737313,0
1,3.27238,25.5053,2.78581,-0.988134,-0.705255,0
1,2.77865,25.2662,3.26396,0.289019,-0.865541,0
1,2.11216,24.3097,3.75035,1.40244,-1.05788,0
1,2.22783,25.0271,3.67505,-1.14908,-1.02583,0
1,1.60859,24.788,3.97326,0.474489,-1.18611,0
1,0.822788,23.8315,4.22484,1.50468,-1.37845,0
1,0.956302,24.5489,4.18983,-1.38055,-1.3464,0
1,0.274639,24.3097,4.27772,1.24988,-1.50668,0
1,-0.550411,23.3533,4.26888,-1.52653,1.44257,0
1,-0.412667,24.0706,4.27772,1.48789,1.47463,0
1,-1.0873,23.8315,4.14634,-0.649794,1.31434,0
1,-1.86753,22.8751,3.87797,-1.42164,1.122,0
1,-1.73959,23.5924,3.92976,1.23384,1.15405,0
1,-2.33845,23.3533,3.59249,-0.339627,0.993769,0
1,-2.99437,22.3968,3.09193,-1.33435,0.801427,0
1,-2.88927,23.1142,3.18141,1.04384,0.833484,0
1,-3.35134,22.8751,2.67261,-0.241713,0.673198,0
1,-3.81612,21.9186,1.99087,-1.27286,0.480856,0
1,-3.74456,22.636,2.1089,0.924697,0.512913,0
1,-4.02277,22.3968,1.48042,-0.202568,0.352628,0
1,-4.24905,21.4404,0.686953,-1.24135,0.160285,0
1,-4.21833,22.1577,0.82152,0.866608,0.192342,0
1,-4.28433,21.9186,0.13739,-0.190507,0.0320571,0
1,-4.24905,20.9622,-0.686953,-1.24135,-0.160285,0
1,-4.2623,21.6795,-0.549563,0.861488,-0.128228,0
1,-4.10936,21.4404,-1.21964,-0.198412,-0.288514,0
1,-3.81612,20.4839,-1.99087,-1.27286,-0.480856,0
1,-3.87199,21.2013,-1.86465,0.908539,-0.448799,0
1,-3.51569,20.9622,-2.4524,-0.23082,-0.609084,0
1,-2.99437,20.0057,-3.09193,-1.33435,-0.801427,0
1,-3.08717,20.7231,-2.98975,1.01459,-0.76937,0
1,-2.56382,20.4839,-3.43528,-0.311752,-0.929655,0
1,-1.86753,19.5275,-3.87797,-1.42164,-1.122,0
1,-1.9878,20.2448,-3.81023,1.19004,-1.08994,0
1,-1.35072,20.0057,-4.06816,-0.548967,-1.25023,0
1,-0.550411,19.0493,-4.26888,-1.52653,-1.44257,0
1,-0.685894,19.7666,-4.24249,1.43354,-1.41051,0
1,-3.56458e-11,19.5275,-4.28653,-1.5708,-1.5708,0
1,0.822788,18.5711,-4.22484,1.50468,1.37845,0
1,0.685894,19.2884,-4.24249,-1.43354,1.41051,0
1,1.35072,19.0493,-4.06816,0.548967,1.25023,0
1,2.11216,18.0928,-3.75035,1.40244,1.05788,0
1,1.9878,18.8102,-3.81023,-1.19004,1.08994,0
1,2.56382,18.5711,-3.43528,0.311752,0.929655,0
1,3.18632,17.6146,-2.89373,1.31981,0.737313,0
1,3.08717,18.3319,-2.98975,-1.01459,0.76937,0
1,3.51569,18.0928,-2.4524,0.23082,0.609084,0
1,3.93583,17.1364,-1.74228,1.26408,0.416742,0
1,3.87199,17.8537,-1.86465,-0.908539,0.448799,0
1,4.10936,17.6146,-1.21964,0.198412,0.288514,0
1,4.28433,16.6582,-0.413304,1.23881,0.0961712,0
1,4.2623,17.3755,-0.549563,-0.861488,0.128228,0
1,3.36517,26.2226,2.68364,1.30635,-0.673198,0
1,2.98206,26.7009,3.07923,0.270282,-0.801427,0
1,2.3481,25.7444,3.60731,1.38405,-0.993769,0
1,2.45872,26.4618,3.52476,-1.11105,-0.961712,0
1,1.85986,26.2226,3.86203,0.418051,-1.122,0
1,1.09178,25.2662,4.16345,1.48317,-1.31434,0
1,1.22278,25.9835,4.11995,-1.32936,-1.28228,0
1,0.548149,25.7444,4.25134,0.985027,-1.44257,0
1,-0.275772,24.788,4.29537,-1.54861,1.50668,0
1,-0.137744,25.5053,4.29537,1.54306,1.53874,0
1,-0.819407,25.2662,4.20748,-0.789536,1.37845,0
1,-1.61523,24.3097,3.98965,-1.44155,1.18611,0
1,-1.48423,25.0271,4.03315,1.28036,1.21817,0
1,-2.10348,24.788,3.73493,-0.374272,1.05788,0
1,-2.79012,23.8315,3.27743,-1.34994,0.865541,0
1,-2.6795,24.5489,3.35999,1.07598,0.897598,0
1,-3.17322,24.3097,2.88184,-0.254716,0.737313,0
1,-3.68072,23.3533,2.23127,-1.28285,0.54497,0
1,-3.60175,24.0706,2.34448,0.943286,0.577027,0
1,-3.91966,23.8315,1.73512,-0.207747,0.416742,0
1,-4.1963,22.8751,0.957779,-1.24515,0.224399,0
1,-4.15703,23.5924,1.0901,0.873823,0.256457,0
1,-4.26672,23.3533,0.411606,-0.191275,0.0961712,0
1,-4.28433,22.3968,-0.413304,-1.23881,-0.0961712,0
1,-4.28875,23.1142,-0.275347,0.858429,-0.0641141,0
1,-4.17906,22.8751,-0.953843,-0.195187,-0.224399,0
1,-3.93583,21.9186,-1.74228,-1.26408,-0.416742,0
1,-3.9835,22.636,-1.61274,0.894725,-0.384685,0
1,-3.6656,22.3968,-2.22211,-0.221693,-0.54497,0
1,-3.18632,21.4404,-2.89373,-1.31981,-0.737313,0
1,-3.27238,22.1577,-2.78581,0.988134,-0.705255,0
1,-2.77865,21.9186,-3.26396,-0.289019,-0.865541,0
1,-2.11216,20.9622,-3.75035,-1.40244,-1.05788,0
1,-2.22783,21.6795,-3.67505,1.14908,-1.02583,0
1,-1.60859,21.4404,-3.97326,-0.474489,-1.18611,0
1,-0.822788,20.4839,-4.22484,-1.50468,-1.37845,0
1,-0.956302,21.2013,-4.18983,1.38055,-1.3464,0
1,-0.274639,20.9622,-4.27772,-1.24988,-1.50668,0
1,0.550411,20.0057,-4.26888,1.52653,1.44257,0
1,0.412667,20.7231,-4.27772,-1.48789,1.47463,0
1,1.0873,20.4839,-4.14634,0.649794,1.31434,0
1,1.86753,19.5275,-3.87797,1.42164,1.122,0
1,1.73959,20.2448,-3.92976,-1.23384,1.15405,0
1,2.33845,20.0057,-3.59249,0.339627,0.993769,0
1,2.99437,19.0493,-3.09193,1.33435,0.801427,0
1,2.88927,19.7666,-3.18141,-1.04384,0.833484,0
1,3.35134,19.5275,-2.67261,0.241713,0.673198,0
1,3.81612,18.5711,-1.99087,1.27286,0.480856,0
1,3.74456,19.2884,-2.1089,-0.924697,0.512913,0
1,4.02277,19.0493,-1.48042,0.202568,0.352628,0
1,4.24905,18.0928,-0.686953,1.24135,0.160285,0
1,4.21833,18.8102,-0.82152,-0.866608,0.192342,0
1,4.94181e-11,26.2226,4.30422,1.5708,-1.5708,0
1,-0.548149,26.7009,4.25134,-0.985027,1.44257,0
1,-1.35629,25.7444,4.08494,-1.46209,1.25023,0
1,-1.22278,26.4618,4.11995,1.32936,1.28228,0
1,-1.85986,26.2226,3.86203,-0.418051,1.122,0
1,-2.5744,25.2662,3.44946,-1.36653,0.929655,0
1,-2.45872,25.9835,3.52476,1.11105,0.961712,0
1,-2.98206,25.7444,3.07923,-0.270282,0.801427,0
1,-3.5302,24.788,2.46251,-1.29402,0.609084,0
1,-3.44414,25.5053,2.57043,0.964399,0.641141,0
1,-3.80044,25.2662,1.98268,-0.214069,0.480856,0
1,-4.12632,24.3097,1.22467,-1.25021,0.288514,0
1,-4.07865,25.0271,1.3542,0.883176,0.320571,0
1,-4.23158,24.788,0.68413,-0.192824,0.160285,0
1,-4.30201,23.8315,-0.137957,-1.23754,-0.0320571,0
1,-4.29758,24.5489,4.57198e-11,0.857411,1.06389e-11,0
1,-4.23158,24.3097,-0.68413,-0.192824,-0.160285,0
1,-4.03937,23.3533,-1.48653,-1.25653,-0.352628,0
1,-4.07865,24.0706,-1.3542,0.883176,-0.320571,0
1,-3.80044,23.8315,-1.98268,-0.214069,-0.480856,0
1,-3.36517,22.8751,-2.68364,-1.30635,-0.673198,0
1,-3.44414,23.5924,-2.57043,0.964399,-0.641141,0
1,-2.98206,23.3533,-3.07923,-0.270282,-0.801427,0
1,-2.3481,22.3968,-3.60731,-1.38405,-0.993769,0
1,-2.45872,23.1142,-3.52476,1.11105,-0.961712,0
1,-1.85986,22.8751,-3.86203,-0.418051,-1.122,0
1,-1.09178,21.9186,-4.16345,-1.48317,-1.31434,0
1,-1.22278,22.636,-4.11995,1.32936,-1.28228,0
1,-0.548149,22.3968,-4.25134,-0.985027,-1.44257,0
1,0.275772,21.4404,-4.29537,1.54861,1.50668,0
1,0.137744,22.1577,-4.29537,-1.54306,1.53874,0
1,0.819407,21.9186,-4.20748,0.789536,1.37845,0
1,1.61523,20.9622,-3.98965,1.44155,1.18611,0
1,1.48423,21.6795,-4.03315,-1.28036,1.21817,0
1,2.10348,21.4404,-3.73493,0.374272,1.05788,0
1,2.79012,20.4839,-3.27743,1.34994,0.865541,0
1,2.6795,21.2013,-3.35999,-1.07598,0.897598,0
1,3.17322,20.9622,-2.88184,0.254716,0.737313,0
1,3.68072,20.0057,-2.23127,1.28285,0.54497,0
1,3.60175,20.7231,-2.34448,-0.943286,0.577027,0
1,3.91966,20.4839,-1.73512,0.207747,0.416742,0
1,4.1963,19.5275,-0.957779,1.24515,0.224399,0
1,4.15703,20.2448,-1.0901,-0.873823,0.256457,0
1,4.26672,20.0057,-0.411606,0.191275,0.0961712,0
1,-3.36517,26.2226,2.68364,-1.30635,0.673198,0
1,-3.6656,26.7009,2.22211,-0.221693,0.54497,0
1,-4.03937,25.7444,1.48653,-1.25653,0.352628,0
1,-3.9835,26.4618,1.61274,0.894725,0.384685,0
1,-4.17906,26.2226,0.953843,-0.195187,0.224399,0
1,-4.30201,25.2662,0.137957,-1.23754,0.0320571,0
1,-4.28875,25.9835,0.275347,0.858429,0.0641141,0
1,-4.26672,25.7444,-0.411606,-0.191275,-0.0961712,0
1,-4.12632,24.788,-1.22467,-1.25021,-0.288514,0
1,-4.15703,25.5053,-1.0901,0.873823,-0.256457,0
1,-3.91966,25.2662,-1.73512,-0.207747,-0.416742,0
1,-3.5302,24.3097,-2.46251,-1.29402,-0.609084,0
1,-3.60175,25.0271,-2.34448,0.943286,-0.577027,0
1,-3.17322,24.788,-2.88184,-0.254716,-0.737313,0
1,-2.5744,23.8315,-3.44946,-1.36653,-0.929655,0
1,-2.6795,24.5489,-3.35999,1.07598,-0.897598,0
1,-2.10348,24.3097,-3.73493,-0.374272,-1.05788,0
1,-1.35629,23.3533,-4.08494,-1.46209,-1.25023,0
1,-1.48423,24.0706,-4.03315,1.28036,-1.21817,0
1,-0.819407,23.8315,-4.20748,-0.789536,-1.37845,0
1,-4.2156e-11,22.8751,-4.30422,-1.5708,-1.5708,0
1,-0.137744,23.5924,-4.29537,1.54306,-1.53874,0
1,0.548149,23.3533,-4.25134,0.985027,1.44257,0
1,1.35629,22.3968,-4.08494,1.46209,1.25023,0
1,1.22278,23.1142,-4.11995,-1.32936,1.28228,0
1,1.85986,22.8751,-3.86203,0.418051,1.122,0
1,2.5744,21.9186,-3.44946,1.36653,0.929655,0
1,2.45872,22.636,-3.52476,-1.11105,0.961712,0
1,2.98206,22.3968,-3.07923,0.270282,0.801427,0
1,3.5302,21.4404,-2.46251,1.29402,0.609084,0
1,3.44414,22.1577,-2.57043,-0.964399,0.641141,0
1,3.80044,21.9186,-1.98268,0.214069,0.480856,0
1,4.12632,20.9622,-1.22467,1.25021,0.288514,0
1,4.07865,21.6795,-1.3542,-0.883176,0.320571,0
1,4.23158,21.4404,-0.68413,0.192824,0.160285,0
1,-4.1963,26.2226,-0.957779,-1.24515,-0.224399,0
1,-4.02277,26.7009,-1.48042,-0.202568,-0.352628,0
1,-3.68072,25.7444,-2.23127,-1.28285,-0.54497,0
1,-3.74456,26.4618,-2.1089,0.924697,-0.512913,0
1,-3.35134,26.2226,-2.67261,-0.241713,-0.673198,0
1,-2.79012,25.2662,-3.27743,-1.34994,-0.865541,0
1,-2.88927,25.9835,-3.18141,1.04384,-0.833484,0
1,-2.33845,25.7444,-3.59249,-0.339627,-0.993769,0
1,-1.61523,24.788,-3.98965,-1.44155,-1.18611,0
1,-1.73959,25.5053,-3.92976,1.23384,-1.15405,0
1,-1.0873,25.2662,-4.14634,-0.649794,-1.31434,0
1,-0.275772,24.3097,-4.29537,-1.54861,-1.50668,0
1,-0.412667,25.0271,-4.27772,1.48789,-1.47463,0
1,0.274639,24.788,-4.27772,1.24988,1.50668,0
1,1.09178,23.8315,-4.16345,1.48317,1.31434,0
1,0.956302,24.5489,-4.18983,-1.38055,1.3464,0
1,1.60859,24.3097,-3.97326,0.474489,1.18611,0
1,2.3481,23.3533,-3.60731,1.38405,0.993769,0
1,2.22783,24.0706,-3.67505,-1.14908,1.02583,0
1,2.77865,23.8315,-3.26396,0.289019,0.865541,0
1,3.36517,22.8751,-2.68364,1.30635,0.673198,0
1,3.27238,23.5924,-2.78581,-0.988134,0.705255,0
1,3.6656,23.3533,-2.22211,0.221693,0.54497,0
1,4.03937,22.3968,-1.48653,1.25653,0.352628,0
1,3.9835,23.1142,-1.61274,-0.894725,0.384685,0
1,4.17906,22.8751,-0.953843,0.195187,0.224399,0
1,4.30201,21.9186,-0.137957,1.23754,0.0320571,0
1,4.28875,22.636,-0.275347,-0.858429,0.0641141,0
1,-1.86753,26.2226,-3.87797,-1.42164,-1.122,0
1,-1.35072,26.7009,-4.06816,-0.548967,-1.25023,0
1,-0.550411,25.7444,-4.26888,-1.52653,-1.44257,0
1,-0.685894,26.4618,-4.24249,1.43354,-1.41051,0
1,-4.83256e-11,26.2226,-4.28653,-1.5708,-1.5708,0
1,0.822788,25.2662,-4.22484,1.50468,1.37845,0
1,0.685894,25.9835,-4.24249,-1.43354,1.41051,0
1,1.35072,25.7444,-4.06816,0.548967,1.25023,0
1,2.11216,24.788,-3.75035,1.40244,1.05788,0
1,1.9878,25.5053,-3.81023,-1.19004,1.08994,0
1,2.56382,25.2662,-3.43528,0.311752,0.929655,0
1,3.18632,24.3097,-2.89373,1.31981,0.737313,0
1,3.08717,25.0271,-2.98975,-1.01459,0.76937,0
1,3.51569,24.788,-2.4524,0.23082,0.609084,0
1,3.93583,23.8315,-1.74228,1.26408,0.416742,0
1,3.87199,24.5489,-1.86465,-0.908539,0.448799,0
1,4.10936,24.3097,-1.21964,0.198412,0.288514,0
1,4.28433,23.3533,-0.413304,1.23881,0.0961712,0
1,4.2623,24.0706,-0.549563,-0.861488,0.128228,0
1,1.86753,26.2226,-3.87797,1.42164,1.122,0
1,2.33845,26.7009,-3.59249,0.339627,0.993769,0
1,2.99437,25.7444,-3.09193,1.33435,0.801427,0
1,2.88927,26.4618,-3.18141,-1.04384,0.833484,0
1,3.35134,26.2226,-2.67261,0.241713,0.673198,0
1,3.81612,25.2662,-1.99087,1.27286,0.480856,0
1,3.74456,25.9835,-2.1089,-0.924697,0.512913,0
1,4.02277,25.7444,-1.48042,0.202568,0.352628,0
1,4.24905,24.788,-0.686953,1.24135,0.160285,0
1,4.21833,25.5053,-0.82152,-0.866608,0.192342,0
1,4.1963,26.2226,-0.957779,1.24515,0.224399,0
1,4.26672,26.7009,-0.411606,0.191275,0.0961712,0
